gbifID;species;countryCode;decimalLatitude;decimalLongitude
3058802805;Lontra longicaudis;MX;15.251344;-92.834744
3053258709;Lontra longicaudis;PY;;
3046441243;Lontra longicaudis;CO;6.155149;-75.373708
3046441241;Lontra longicaudis;CO;4.790352;-71.339167
3046440759;Lontra longicaudis;CO;;
3046440566;Lontra longicaudis;CO;;
3046440303;Lontra longicaudis;;;
3046439790;Lontra longicaudis;CO;;
3044954477;Lontra longicaudis;CR;10.58894;-83.489149
3044842413;Lontra longicaudis;MX;22.138401;-103.554025
3044794262;Lontra longicaudis;AR;-31.560358;-60.459047
3044755903;Lontra longicaudis;CR;9.056936;-83.778762
3044737629;Lontra longicaudis;CR;10.609191;-84.988699
3044668001;Lontra longicaudis;MX;20.915607;-97.336973
3044662144;Lontra longicaudis;BR;-23.56986;-47.738286
3039236965;Lontra longicaudis;PE;-4.962101;-80.607514
3039128890;Lontra longicaudis;PY;-24.482062;-58.060227
3032154070;Lontra longicaudis;MX;18.011328;-96.426171
3032029403;Lontra longicaudis;MX;17.782768;-92.138003
3031955537;Lontra longicaudis;MX;19.141135;-96.103966
3031822982;Lontra longicaudis;BO;-13.626826;-66.162633
3025948199;Lontra longicaudis;;;
3025925563;Lontra longicaudis;;;
3024386158;Lontra longicaudis;;;
3024380149;Lontra longicaudis;;;
3019065715;Lontra longicaudis;CO;10.685622;-75.093077
3018056746;Lontra longicaudis;CO;11.002428;-74.606298
3014067403;Lontra longicaudis;EC;0.015311;-78.917187
3014061255;Lontra longicaudis;CO;6.063119;-74.726366
3013938051;Lontra longicaudis;UY;-34.712401;-55.494603
3013406997;Lontra longicaudis;BR;-21.72;-48.099722
3013406794;Lontra longicaudis;BR;-23.96;-46.33
3013406323;Lontra longicaudis;BR;;
3008513698;Lontra longicaudis;BR;-17.191792;-56.925466
3008387115;Lontra longicaudis;CR;8.538615;-83.353467
2999160983;Lontra longicaudis;CR;10.595642;-85.072717
2992852101;Lontra longicaudis;MX;22.127342;-103.651159
2992707912;Lontra longicaudis;CR;9.314497;-83.766347
2992674085;Lontra longicaudis;MX;16.965358;-100.303705
2988668311;Lontra longicaudis;CO;6.896627;-75.58325
2988607093;Lontra longicaudis;CO;2.095315;-75.797274
2988605134;Lontra longicaudis;CO;2.040502;-75.691813
2988592358;Lontra longicaudis;AR;-31.580832;-60.412021
2988514373;Lontra longicaudis;AR;-31.374008;-60.005405
2988370332;Lontra longicaudis;AR;-32.377046;-60.692091
2988361330;Lontra longicaudis;AR;-31.447047;-60.541338
2988355340;Lontra longicaudis;AR;-31.418602;-60.485146
2988317468;Lontra longicaudis;AR;-31.768533;-60.343291
2988316332;Lontra longicaudis;AR;-31.16323;-60.095421
2988299994;Lontra longicaudis;AR;-31.645265;-60.82013
2988292322;Lontra longicaudis;AR;-31.578913;-60.53758
2988276343;Lontra longicaudis;AR;-31.524876;-60.469316
2985623315;Lontra longicaudis;CO;;
2984401479;Lontra longicaudis;BR;-29.935672;-50.27008
2981070606;Lontra longicaudis;CR;8.586328;-83.281754
2980877889;Lontra longicaudis;CR;11.096824;-84.672029
2980872677;Lontra longicaudis;AR;-34.393416;-58.601183
2963885180;Lontra longicaudis;AR;-31.568003;-60.54714
2963767060;Lontra longicaudis;MX;19.334706;-96.422904
2901662301;Lontra longicaudis;CR;10.597705;-84.118038
2901513226;Lontra longicaudis;HN;14.969534;-88.053132
2883240361;Lontra longicaudis;BR;-19.507452;-56.528579
2883139725;Lontra longicaudis;MX;22.518456;-104.565583
2883037605;Lontra longicaudis;AR;-28.556404;-57.318779
2873942953;Lontra longicaudis;AR;-29.068156;-58.019238
2873916330;Lontra longicaudis;AR;-31.649116;-60.753279
2871448723;Lontra longicaudis;CO;;
2868314435;Lontra longicaudis;EC;-2.968193;-79.010457
2864792777;Lontra longicaudis;AR;-32.972931;-60.453456
2864733653;Lontra longicaudis;AR;-28.408335;-57.151813
2864627212;Lontra longicaudis;CR;10.422725;-84.041046
2860271303;Lontra longicaudis;MX;18.968353;-96.939549
2860176281;Lontra longicaudis;CR;10.466206;-83.52763
2860150049;Lontra longicaudis;AR;-34.279429;-58.768359
2856834345;Lontra longicaudis;CR;10.421529;-83.492555
2856209555;Lontra longicaudis;CO;7.154582;-73.408457
2851314201;Lontra longicaudis;BR;-9.795918;-55.94989
2851255017;Lontra longicaudis;BR;-9.510802;-55.815064
2851151756;Lontra longicaudis;PE;-4.99417;-80.766604
2851118317;Lontra longicaudis;MX;19.127987;-96.1152
2850944304;Lontra longicaudis;BR;-15.92969;-57.692265
2850873229;Lontra longicaudis;CR;8.79681;-83.384079
2850865512;Lontra longicaudis;AR;-34.358976;-58.654385
2850568007;Lontra longicaudis;MX;19.098793;-96.184945
2845553718;Lontra longicaudis;CR;10.530175;-83.510055
2845083799;Lontra longicaudis;CR;10.529817;-83.516943
2844721548;Lontra longicaudis;CR;11.025171;-84.718875
2843833905;Lontra longicaudis;CO;5.890198;-74.855403
2843729991;Lontra longicaudis;CR;10.53;-83.52
2843520025;Lontra longicaudis;CR;10.468653;-83.482447
2843386037;Lontra longicaudis;CO;5.892773;-74.855644
2842770199;Lontra longicaudis;AR;-30.193697;-59.490871
2842136573;Lontra longicaudis;CR;10.525702;-83.515376
2841452196;Lontra longicaudis;EC;-4.308124;-78.656052
2840550194;Lontra longicaudis;CR;10.583834;-83.529647
2840131299;Lontra longicaudis;CR;10.593731;-83.527408
2840115452;Lontra longicaudis;CO;5.890072;-74.856257
2840067168;Lontra longicaudis;BR;-18.578161;-56.189858
2839748274;Lontra longicaudis;CR;10.597634;-83.530025
2839204260;Lontra longicaudis;CR;10.449979;-83.477769
2839019163;Lontra longicaudis;BR;-16.806913;-56.698619
2838977067;Lontra longicaudis;CR;10.624488;-83.540254
2838709595;Lontra longicaudis;CR;10.632265;-83.545275
2838679692;Lontra longicaudis;EC;-2.191;-79.878
2838482627;Lontra longicaudis;CR;10.48382;-83.409881
2838397719;Lontra longicaudis;CR;10.532176;-83.509251
2837035594;Lontra longicaudis;BR;-9.581919;-55.923281
2836246142;Lontra longicaudis;CR;10.525702;-83.515376
2836071961;Lontra longicaudis;EC;-4.30787;-78.656156
2835994118;Lontra longicaudis;EC;-4.306654;-78.655983
2835205211;Lontra longicaudis;PE;-13.166089;-72.52528
2834525333;Lontra longicaudis;BR;-17.317539;-56.813612
2834486643;Lontra longicaudis;BR;-17.316138;-56.81559
2834393625;Lontra longicaudis;CR;10.505;-83.497
2833619201;Lontra longicaudis;CR;10.531609;-83.506916
2833199460;Lontra longicaudis;CR;10.798151;-85.40413
2833070390;Lontra longicaudis;SR;5.387314;-55.426683
2833062594;Lontra longicaudis;CR;10.586687;-83.531699
2832323381;Lontra longicaudis;CR;10.485662;-83.378766
2831366687;Lontra longicaudis;CR;;
2826523186;Lontra longicaudis;MX;18.544903;-93.354452
2826482189;Lontra longicaudis;EC;0.137561;-78.846291
2823151619;Lontra longicaudis;BR;-19.425777;-56.040031
2818767127;Lontra longicaudis;BR;-9.546959;-55.852806
2818590700;Lontra longicaudis;AR;-28.450198;-57.077953
2818502864;Lontra longicaudis;AR;-28.279738;-57.394798
2814473410;Lontra longicaudis;TT;10.758341;-61.223668
2814254275;Lontra longicaudis;EC;-2.125848;-79.843948
2814076996;Lontra longicaudis;AR;-25.919856;-54.167112
2803103914;Lontra longicaudis;MX;24.06941;-106.793337
2802615687;Lontra longicaudis;AR;-34.273701;-58.737541
2650656275;Lontra longicaudis;CO;;
2641518117;Lontra longicaudis;EC;-2.072748;-79.999336
2641407979;Lontra longicaudis;EC;-0.557841;-76.915384
2641371101;Lontra longicaudis;EC;-2.108683;-79.801985
2634585209;Lontra longicaudis;BR;-28.653192;-51.440154
2634429673;Lontra longicaudis;CO;4.792989;-75.753173
2634255079;Lontra longicaudis;UY;-33.981177;-53.764488
2631128671;Lontra longicaudis;CO;0.50247;-76.2775
2630482233;Lontra longicaudis;MX;26.666944;-108.619722
2630482232;Lontra longicaudis;MX;22.835278;-105.776667
2630481893;Lontra longicaudis;MX;26.7075;-108.320833
2630480948;Lontra longicaudis;MX;26.818611;-106.558889
2630469822;Lontra longicaudis;MX;26.9575;-108.320833
2630469756;Lontra longicaudis;MX;26.7075;-108.320833
2630419352;Lontra longicaudis;MX;20.96778;-90.233031
2630413359;Lontra longicaudis;MX;17.64539;-92.9031
2630412260;Lontra longicaudis;MX;16.106667;-90.950833
2630412168;Lontra longicaudis;MX;16.761111;-91.15
2630411994;Lontra longicaudis;MX;14.906944;-92.255556
2630408358;Lontra longicaudis;MX;17.713889;-92.388333
2630407060;Lontra longicaudis;MX;16.623333;-91.020556
2630406996;Lontra longicaudis;MX;18.39111;-91.18944
2630406052;Lontra longicaudis;MX;16.311111;-92.844444
2630404695;Lontra longicaudis;MX;17.483333;-92.045833
2630404582;Lontra longicaudis;MX;16.785833;-93.062778
2630402886;Lontra longicaudis;MX;17.483333;-92.045833
2630402370;Lontra longicaudis;MX;16.691667;-93.56
2630400772;Lontra longicaudis;MX;16.723611;-93.091111
2630400262;Lontra longicaudis;MX;15.329167;-92.654167
2630400246;Lontra longicaudis;MX;16.703333;-93.557222
2630400171;Lontra longicaudis;MX;15.393889;-92.254167
2630399842;Lontra longicaudis;MX;17.19;-93.105
2630399839;Lontra longicaudis;MX;16.229167;-91.063889
2630396794;Lontra longicaudis;MX;16.229167;-91.063889
2630394217;Lontra longicaudis;MX;16.729444;-91.063889
2630391019;Lontra longicaudis;MX;;
2630379234;Lontra longicaudis;MX;15.424444;-92.892222
2630378359;Lontra longicaudis;MX;16.666667;-93.65
2630377371;Lontra longicaudis;MX;15.743333;-92.285
2630366341;Lontra longicaudis;MX;17.713889;-92.388333
2630358597;Lontra longicaudis;MX;18.566667;-89.45
2630357840;Lontra longicaudis;MX;16.671111;-93.011389
2630356587;Lontra longicaudis;MX;16.251111;-92.134167
2630356511;Lontra longicaudis;MX;16.735556;-93.02
2630355403;Lontra longicaudis;MX;18.094879;-92.07761
2630354118;Lontra longicaudis;MX;;
2630353784;Lontra longicaudis;MX;16.719444;-91.064444
2630353548;Lontra longicaudis;MX;18.31296;-91.34238
2630353436;Lontra longicaudis;MX;15.329167;-92.654167
2630348966;Lontra longicaudis;MX;16.981667;-93.7675
2630345872;Lontra longicaudis;MX;16.981667;-93.765
2630336188;Lontra longicaudis;MX;16.723611;-93.090278
2630329526;Lontra longicaudis;MX;17.188889;-93.105
2630321363;Lontra longicaudis;MX;17.86826;-92.42297
2630270559;Lontra longicaudis;MX;0;0
2630266450;Lontra longicaudis;MX;0.001927418;0.001484396
2630264966;Lontra longicaudis;MX;15.74248187;-92.28493051
2630264941;Lontra longicaudis;MX;0;0
2630264872;Lontra longicaudis;MX;0.001927418;0.001484396
2630259632;Lontra longicaudis;MX;17.43239488;-95.02472004
2630252543;Lontra longicaudis;MX;0;0
2630252406;Lontra longicaudis;MX;17.43167;-95.02472
2630251004;Lontra longicaudis;MX;0.001927418;0.001484396
2630250068;Lontra longicaudis;MX;0;0
2630249898;Lontra longicaudis;MX;26.70888017;-108.326183
2630249532;Lontra longicaudis;MX;0;0
2630248439;Lontra longicaudis;MX;0.001927418;0.001484396
2630248336;Lontra longicaudis;MX;17.43239488;-95.02472004
2630247402;Lontra longicaudis;MX;0.001927418;0.001484396
2630247396;Lontra longicaudis;MX;0;0
2630247294;Lontra longicaudis;MX;0;0
2630073597;Lontra longicaudis;MX;27.208333;-107.925
2629806280;Lontra longicaudis;MX;18.255533;-92.844811
2629805748;Lontra longicaudis;MX;18.366531;-93.147072
2629043697;Lontra longicaudis;NI;13.2682;-86.4005
2629043590;Lontra longicaudis;GT;;
2629043583;Lontra longicaudis;PA;8.8363;-82.7503
2629043570;Lontra longicaudis;CO;10.3333;-74.542
2629043550;Lontra longicaudis;NI;12.2887;-83.6764
2629043426;Lontra longicaudis;PA;8.4281;-82.4762
2629043417;Lontra longicaudis;GT;14.6;-92.1333
2629043318;Lontra longicaudis;NI;;
2626516252;Lontra longicaudis;MX;20.480123;-104.001236
2626471646;Lontra longicaudis;BR;-9.52404;-55.952365
2626409262;Lontra longicaudis;BR;-20.43897;-40.219067
2626248356;Lontra longicaudis;HN;14.933568;-87.838476
2626190634;Lontra longicaudis;AR;-27.523833;-58.636514
2626093864;Lontra longicaudis;MX;23.680047;-106.212635
2619930203;Lontra longicaudis;AR;-31.944445;-58.24581
2619900609;Lontra longicaudis;AR;-28.568561;-57.017296
2618702609;Lontra longicaudis;;;
2618700046;Lontra longicaudis;IN;;
2613800542;Lontra longicaudis;GF;4.48297;-52.51424
2613800540;Lontra longicaudis;GF;4.48297;-52.51424
2613800507;Lontra longicaudis;GF;4.48297;-52.51424
2613800486;Lontra longicaudis;GF;4.48297;-52.51424
2613800055;Lontra longicaudis;GF;4.48297;-52.51424
2613800050;Lontra longicaudis;GF;4.48297;-52.51424
2613799846;Lontra longicaudis;GF;4.48297;-52.51424
2613799404;Lontra longicaudis;GF;4.48297;-52.51424
2613799354;Lontra longicaudis;GF;4.48297;-52.51424
2613799343;Lontra longicaudis;GF;4.48297;-52.51424
2613798512;Lontra longicaudis;GF;4.48297;-52.51424
2613798502;Lontra longicaudis;GF;4.48297;-52.51424
2613798497;Lontra longicaudis;GF;4.48297;-52.51424
2613798490;Lontra longicaudis;GF;4.48297;-52.51424
2613797193;Lontra longicaudis;GF;4.48297;-52.51424
2613797186;Lontra longicaudis;GF;4.48297;-52.51424
2613797137;Lontra longicaudis;GF;4.48297;-52.51424
2613797018;Lontra longicaudis;GF;4.48297;-52.51424
2613795894;Lontra longicaudis;GF;4.48297;-52.51424
2613795048;Lontra longicaudis;GF;4.48297;-52.51424
2613795039;Lontra longicaudis;GF;4.48297;-52.51424
2613794884;Lontra longicaudis;GF;4.48297;-52.51424
2611359858;Lontra longicaudis;AR;-32.810134;-60.772398
2611348819;Lontra longicaudis;MX;16.629117;-90.755401
2611315830;Lontra longicaudis;BR;-29.559075;-53.616822
2611164921;Lontra longicaudis;BZ;17.367224;-88.464699
2611114693;Lontra longicaudis;PE;-13.637966;-72.86259
2611055525;Lontra longicaudis;MX;23.726606;-106.243604
2609070726;Lontra longicaudis;MX;20.786519;-103.920736
2603466434;Lontra longicaudis;UY;-34.611328;-55.785496
2603332270;Lontra longicaudis;MX;15.91526;-97.323843
2599845656;Lontra longicaudis;GF;3.93;-53.01
2599845486;Lontra longicaudis;GF;3.93;-53.01
2599845317;Lontra longicaudis;GF;3.93;-53.01
2599842838;Lontra longicaudis;GF;3.93;-53.01
2599825371;Lontra longicaudis;GF;3.93;-53.01
2599806191;Lontra longicaudis;GF;3.93;-53.01
2599802548;Lontra longicaudis;GF;3.93;-53.01
2599802547;Lontra longicaudis;GF;3.93;-53.01
2599799272;Lontra longicaudis;GF;3.93;-53.01
2599766804;Lontra longicaudis;GF;2.54;-54.02
2599733651;Lontra longicaudis;GF;3.63;-53.2
2599706838;Lontra longicaudis;GF;3.6;-53.24
2599705151;Lontra longicaudis;GF;4.54;-52.26
2599705147;Lontra longicaudis;GF;4.54;-52.26
2599704827;Lontra longicaudis;GF;4.54;-52.26
2599704804;Lontra longicaudis;GF;4.54;-52.26
2599704250;Lontra longicaudis;GF;4.54;-52.26
2599703757;Lontra longicaudis;GF;4.54;-52.26
2599703588;Lontra longicaudis;GF;4.54;-52.26
2599542909;Lontra longicaudis;GF;4.01;-52.22
2599512278;Lontra longicaudis;GF;4.7;-53.43
2599504062;Lontra longicaudis;GF;3.92;-51.87
2599383772;Lontra longicaudis;GF;4.46;-52.37
2599374243;Lontra longicaudis;GF;5.3;-52.85
2599371546;Lontra longicaudis;GF;5.6;-53.69
2599356853;Lontra longicaudis;GF;4.73;-52.31
2599344846;Lontra longicaudis;GF;5.47;-52.96
2599325368;Lontra longicaudis;GF;3.63;-53.29
2599213446;Lontra longicaudis;GF;5.26;-52.83
2599066767;Lontra longicaudis;GF;5.75;-53.9
2599062028;Lontra longicaudis;GF;4.33;-52.22
2599061677;Lontra longicaudis;GF;3.68;-53.95
2599060709;Lontra longicaudis;GF;4.26;-52.67
2599038037;Lontra longicaudis;GF;5.15;-52.67
2598943496;Lontra longicaudis;GF;3.48;-53.21
2598930663;Lontra longicaudis;GF;3.89;-54.17
2597878566;Lontra longicaudis;BR;-9.556313;-55.50798
2597853619;Lontra longicaudis;CO;3.902007;-76.239214
2597703270;Lontra longicaudis;AR;-33.169798;-60.695743
2597500405;Lontra longicaudis;UY;-32.134864;-53.752056
2597500350;Lontra longicaudis;UY;-32.134864;-53.752056
2597500319;Lontra longicaudis;UY;-32.134864;-53.752056
2597500286;Lontra longicaudis;UY;-32.134864;-53.752056
2597500275;Lontra longicaudis;UY;-32.134864;-53.752056
2597500193;Lontra longicaudis;UY;-32.134864;-53.752056
2597500154;Lontra longicaudis;UY;-32.134864;-53.752056
2597500105;Lontra longicaudis;UY;-32.134864;-53.752056
2597500102;Lontra longicaudis;UY;-32.134864;-53.752056
2597499963;Lontra longicaudis;UY;-32.134864;-53.752056
2597499905;Lontra longicaudis;UY;-32.134864;-53.752056
2597499896;Lontra longicaudis;UY;-32.134864;-53.752056
2597499829;Lontra longicaudis;UY;-32.134864;-53.752056
2597499746;Lontra longicaudis;UY;-32.134864;-53.752056
2597499625;Lontra longicaudis;UY;-32.134864;-53.752056
2597499567;Lontra longicaudis;UY;-32.134864;-53.752056
2597499534;Lontra longicaudis;UY;-32.134864;-53.752056
2597499509;Lontra longicaudis;UY;-32.134864;-53.752056
2597499463;Lontra longicaudis;UY;-32.134864;-53.752056
2597499345;Lontra longicaudis;UY;-32.134864;-53.752056
2597499276;Lontra longicaudis;UY;-32.134864;-53.752056
2596399056;Lontra longicaudis;MX;23.609773;-106.241091
2596352363;Lontra longicaudis;MX;16.092726;-92.846096
2596253511;Lontra longicaudis;CR;10.442254;-84.19612
2596210140;Lontra longicaudis;MX;22.001457;-98.413886
2580256933;Lontra longicaudis;HN;14.958471;-87.842001
2580151169;Lontra longicaudis;PA;8.001782;-77.634901
2580138560;Lontra longicaudis;BR;-13.582432;-53.686379
2576400826;Lontra longicaudis;MX;23.676441;-106.384034
2574196973;Lontra longicaudis;AR;-33.28062;-58.650882
2574160438;Lontra longicaudis;BR;-15.781212;-47.767145
2574148938;Lontra longicaudis;PY;-25.186393;-57.883418
2573864584;Lontra longicaudis;CR;10.455947;-83.487337
2570361335;Lontra longicaudis;AR;;
2563498417;Lontra longicaudis;MX;20.798771;-104.109775
2563444644;Lontra longicaudis;BR;-16.530198;-57.649541
2557784194;Lontra longicaudis;CO;3.468977;-68.19035
2557776692;Lontra longicaudis;SV;14.351062;-89.438242
2557774666;Lontra longicaudis;SV;14.377736;-89.432529
2550017797;Lontra longicaudis;BZ;16.907091;-89.014232
2549985554;Lontra longicaudis;HN;14.846116;-87.83819
2543093556;Lontra longicaudis;AR;-31.57365;-60.401894
2540874976;Lontra longicaudis;AR;-28.527703;-57.173829
2540874699;Lontra longicaudis;CR;10.568552;-83.523768
2540849150;Lontra longicaudis;CR;10.586617;-84.031491
2529316392;Lontra longicaudis;HN;13.915982;-86.87584
2529259085;Lontra longicaudis;BZ;16.626001;-88.907523
2518145450;Lontra longicaudis;CO;8.74841;-75.120667
2475273717;Lontra longicaudis;GF;3.05603;-53.82287
2475252792;Lontra longicaudis;GF;3.02608;-54.19304
2475242156;Lontra longicaudis;GF;2.8679;-52.69158
2473959953;Lontra longicaudis;GF;4.02241;-54.3208
2465272422;Lontra longicaudis;MX;16.456198;-93.852368
2465253847;Lontra longicaudis;CR;10.441541;-83.592655
2460152816;Lontra longicaudis;UY;-34.344958;-53.888259
2456548876;Lontra longicaudis;BR;-16.951766;-56.851955
2451686389;Lontra longicaudis;CR;10.772133;-84.097394
2445131190;Lontra longicaudis;BR;-22.944612;-43.231343
2444982572;Lontra longicaudis;BR;-9.761961;-55.962601
2432574752;Lontra longicaudis;SR;;
2432573734;Lontra longicaudis;SR;;
2432571669;Lontra longicaudis;SR;;
2432571668;Lontra longicaudis;SR;;
2432569676;Lontra longicaudis;SR;;
2432569675;Lontra longicaudis;SR;;
2432535752;Lontra longicaudis;SR;;
2432534691;Lontra longicaudis;SR;;
2432521430;Lontra longicaudis;US;;
2429489772;Lontra longicaudis;CR;10.594418;-84.759141
2429333665;Lontra longicaudis;AR;-31.743567;-60.914272
2423203918;Lontra longicaudis;AR;-31.878336;-60.948939
2423084127;Lontra longicaudis;AR;-31.78594;-60.775668
2423080862;Lontra longicaudis;BR;-9.545589;-55.806791
2422977871;Lontra longicaudis;;;
2422758107;Lontra longicaudis;BR;3.210024;-61.402255
2422214560;Lontra longicaudis;CO;5.668944;-74.788222
2422214138;Lontra longicaudis;CO;5.684625;-74.78893
2422214054;Lontra longicaudis;CO;5.671528;-74.783917
2417267408;Lontra longicaudis;CO;4.623333;-75.852028
2417267407;Lontra longicaudis;CO;4.622778;-75.851444
2417267404;Lontra longicaudis;CO;4.623678;-75.852153
2417267402;Lontra longicaudis;CO;4.623711;-75.851992
2417267401;Lontra longicaudis;CO;4.550917;-75.876986
2417267306;Lontra longicaudis;CO;4.573361;-75.867944
2417267304;Lontra longicaudis;CO;4.553389;-75.875778
2417267303;Lontra longicaudis;CO;4.552794;-75.876075
2417267301;Lontra longicaudis;CO;4.6219;-75.854317
2417267300;Lontra longicaudis;CO;4.622381;-75.853617
2417267298;Lontra longicaudis;CO;4.551444;-75.877417
2417267296;Lontra longicaudis;CO;4.575278;-75.866389
2417267293;Lontra longicaudis;CO;4.575278;-75.867222
2417267290;Lontra longicaudis;CO;4.622917;-75.85385
2417267289;Lontra longicaudis;CO;4.57475;-75.867056
2417267288;Lontra longicaudis;CO;4.578722;-75.862667
2417267287;Lontra longicaudis;CO;4.576306;-75.866139
2417267193;Lontra longicaudis;CO;4.624667;-75.853083
2417267188;Lontra longicaudis;CO;4.623131;-75.851917
2416989962;Lontra longicaudis;BR;;
2416989927;Lontra longicaudis;BR;;
2416989518;Lontra longicaudis;BR;;
2416989337;Lontra longicaudis;BR;;
2416989263;Lontra longicaudis;BR;-30.29725;-54.43129
2416989059;Lontra longicaudis;BR;;
2416988628;Lontra longicaudis;BR;;
2416988625;Lontra longicaudis;BR;;
2416988507;Lontra longicaudis;BR;;
2416988404;Lontra longicaudis;BR;;
2397699361;Lontra longicaudis;PE;-11.956528;-71.47699
2397613248;Lontra longicaudis;HN;14.868729;-87.965886
2397602624;Lontra longicaudis;MX;19.073152;-96.045902
2382360766;Lontra longicaudis;CO;3.523247;-73.406327
2381406056;Lontra longicaudis;MX;;
2366032876;Lontra longicaudis;EC;-1.114961;-77.586028
2365854321;Lontra longicaudis;BR;;
2365852828;Lontra longicaudis;BR;;
2365852324;Lontra longicaudis;BR;;
2350451273;Lontra longicaudis;MX;20.744487;-103.904758
2350430191;Lontra longicaudis;MX;20.649741;-105.26869
2350399050;Lontra longicaudis;CO;9.167104;-75.064021
2331896303;Lontra longicaudis;BR;-24.018061;-47.459885
2331865448;Lontra longicaudis;AR;-31.502636;-58.059643
2294587103;Lontra longicaudis;CR;9.255839;-83.791506
2294529963;Lontra longicaudis;MX;18.274106;-92.111266
2294513109;Lontra longicaudis;SV;14.384786;-89.428429
2294447176;Lontra longicaudis;GT;16.421874;-90.306298
2294339442;Lontra longicaudis;CO;1.279556;-72.626028
2283947569;Lontra longicaudis;CO;6.306111;-69.786806
2273364258;Lontra longicaudis;CO;6.016472;-76.779083
2273223732;Lontra longicaudis;MX;19.132351;-95.952751
2265808602;Lontra longicaudis;BZ;16.657412;-89.023328
2251975945;Lontra longicaudis;MX;15.680276;-96.160869
2251845048;Lontra longicaudis;BR;-16.124599;-57.611701
2251828555;Lontra longicaudis;CR;8.390891;-83.327342
2249969870;Lontra longicaudis;;;
2248832193;Lontra longicaudis;BR;;
2248831552;Lontra longicaudis;BR;;
2248830623;Lontra longicaudis;BR;;
2248830420;Lontra longicaudis;BR;;
2248830308;Lontra longicaudis;BO;;
2248830305;Lontra longicaudis;CO;;
2248829675;Lontra longicaudis;BR;;
2248829201;Lontra longicaudis;BR;;
2248828905;Lontra longicaudis;BR;;
2244337494;Lontra longicaudis;BR;-19.893023;-56.845898
2244337384;Lontra longicaudis;MX;20.676108;-103.982283
2244306124;Lontra longicaudis;PA;8.713799;-82.470591
2242928041;Lontra longicaudis;BR;-15.090085;-51.006077
2242897123;Lontra longicaudis;MX;18.606276;-95.746122
2242804511;Lontra longicaudis;MX;23.644978;-106.210539
2239000384;Lontra longicaudis;EC;-0.908016;-77.849221
2237548723;Lontra longicaudis;CO;3.92847;-76.47431
2237462258;Lontra longicaudis;MX;21.549884;-104.857951
2237461974;Lontra longicaudis;MX;21.474001;-104.89924
2237461267;Lontra longicaudis;MX;21.40738;-104.961572
2237425329;Lontra longicaudis;MX;20.789851;-103.840567
2235561043;Lontra longicaudis;MX;20.696504;-103.980971
2012988061;Lontra longicaudis;CR;8.277121;-83.312708
2012965284;Lontra longicaudis;CR;8.221047;-83.31637
2006044046;Lontra longicaudis;PA;8.287264;-82.529548
2005317943;Lontra longicaudis;PE;-4.510539;-72.805152
2005304483;Lontra longicaudis;PE;-3.439533;-72.570602
1993796108;Lontra longicaudis;CO;9.6561;-73.48864
1993753506;Lontra longicaudis;PE;-8.449201;-75.226547
1993724885;Lontra longicaudis;MX;21.995048;-98.169391
1993723447;Lontra longicaudis;MX;22.322055;-98.010009
1993723275;Lontra longicaudis;MX;22.363429;-98.141045
1990800429;Lontra longicaudis;BR;;
1990695032;Lontra longicaudis;BR;-9.756327;-56.347431
1990483240;Lontra longicaudis;AR;-28.596979;-57.112808
1987352513;Lontra longicaudis;MX;15.4424953;-92.89161104
1987339293;Lontra longicaudis;PY;-22.41667;-57.86667
1986579179;Lontra longicaudis;MX;20.547261;-103.929686
1986456329;Lontra longicaudis;CO;4.20148;-76.41657
1986456321;Lontra longicaudis;CO;4.19576;-76.41473
1986456232;Lontra longicaudis;CO;4.130926;-76.422501
1986456229;Lontra longicaudis;CO;4.08799;-76.382263
1986456215;Lontra longicaudis;CO;4.084229;-76.39735
1986456213;Lontra longicaudis;CO;4.121359;-76.435459
1986456168;Lontra longicaudis;CO;4.20356;-76.4236
1986456153;Lontra longicaudis;CO;4.086247;-76.382782
1978455059;Lontra longicaudis;CR;9.200363;-83.964592
1977888656;Lontra longicaudis;CO;;
1949984539;Lontra longicaudis;CO;5.865203;-74.947611
1949916715;Lontra longicaudis;CO;1.674333;-75.902222
1949916711;Lontra longicaudis;CO;1.6725;-75.902361
1949916599;Lontra longicaudis;CO;1.672778;-75.904222
1944406740;Lontra longicaudis;BR;-15.286399;-51.175431
1931792608;Lontra longicaudis;CO;8.551556;-75.202278
1931792504;Lontra longicaudis;CO;8.551017;-75.191083
1931792286;Lontra longicaudis;CO;8.551017;-75.191083
1931792191;Lontra longicaudis;CO;8.551556;-75.202278
1931792183;Lontra longicaudis;CO;8.551556;-75.202278
1919788912;Lontra longicaudis;;;
1919788842;Lontra longicaudis;BR;;
1919785657;Lontra longicaudis;EC;-2.2333;-81.4333
1919785024;Lontra longicaudis;VE;;
1919784795;Lontra longicaudis;PE;;
1919784067;Lontra longicaudis;MX;;
1919783919;Lontra longicaudis;;;
1919783195;Lontra longicaudis;UY;;
1919769511;Lontra longicaudis;;;
1919758221;Lontra longicaudis;BR;;
1919758177;Lontra longicaudis;CO;;
1919758155;Lontra longicaudis;BR;;
1919705416;Lontra longicaudis;BR;;
1919698323;Lontra longicaudis;;;
1919697904;Lontra longicaudis;BR;;
1913187418;Lontra longicaudis;BR;-9.484261;-55.952645
1913155216;Lontra longicaudis;MX;17.661993;-91.880193
1899807243;Lontra longicaudis;MX;20.205851;-97.99786
1895998202;Lontra longicaudis;MX;;
1895998185;Lontra longicaudis;MX;;
1895921475;Lontra longicaudis;MX;22.35624241;-105.0577824
1895921453;Lontra longicaudis;MX;23.14576291;-105.0859086
1895921428;Lontra longicaudis;MX;23.20026277;-104.5226456
1895766410;Lontra longicaudis;MX;24.927167;-106.411472
1895702997;Lontra longicaudis;MX;23.333889;-104.172222
1895692357;Lontra longicaudis;MX;;
1895692344;Lontra longicaudis;MX;19.325;-98.925
1895692239;Lontra longicaudis;MX;;
1895692229;Lontra longicaudis;MX;19.325;-98.925
1895692223;Lontra longicaudis;MX;;
1895692216;Lontra longicaudis;MX;;
1895692209;Lontra longicaudis;MX;19.325;-98.925
1895692201;Lontra longicaudis;MX;;
1895692193;Lontra longicaudis;MX;;
1895692186;Lontra longicaudis;MX;;
1895692180;Lontra longicaudis;MX;;
1895692174;Lontra longicaudis;MX;;
1895692168;Lontra longicaudis;MX;;
1895692162;Lontra longicaudis;MX;;
1895692157;Lontra longicaudis;MX;;
1895637166;Lontra longicaudis;MX;;
1895637135;Lontra longicaudis;MX;21.144167;-101.915833
1895637100;Lontra longicaudis;MX;17.326667;-95.235
1895637076;Lontra longicaudis;MX;20.613333;-105.231111
1895637074;Lontra longicaudis;MX;18.583333;-103.683333
1895637051;Lontra longicaudis;MX;15.786667;-96.586667
1895637046;Lontra longicaudis;MX;19.383889;-104.968333
1895637038;Lontra longicaudis;MX;18.186944;-98.288889
1895637024;Lontra longicaudis;MX;20.551667;-104.055833
1895637023;Lontra longicaudis;MX;19.319167;-104.183333
1895637009;Lontra longicaudis;MX;22.01;-103.225556
1895637003;Lontra longicaudis;MX;19.46976926;-104.184392
1895637001;Lontra longicaudis;MX;;
1895636998;Lontra longicaudis;MX;15.965;-96.4575
1895636983;Lontra longicaudis;MX;15.36507291;-92.59259678
1895636979;Lontra longicaudis;MX;18.436667;-95.216944
1895636967;Lontra longicaudis;MX;19.641111;-105.1825
1895636960;Lontra longicaudis;MX;16.963056;-99.096944
1895636956;Lontra longicaudis;MX;15.319444;-92.658333
1895636952;Lontra longicaudis;MX;15.915556;-92.173611
1895636945;Lontra longicaudis;MX;16.5;-94.033333
1895636936;Lontra longicaudis;MX;19.940833;-105.248611
1895636932;Lontra longicaudis;MX;22.255278;-97.868611
1895636928;Lontra longicaudis;MX;18.419444;-95.113611
1895636912;Lontra longicaudis;MX;;
1895636911;Lontra longicaudis;MX;25.732778;-103.629722
1895636906;Lontra longicaudis;MX;20.806111;-105.247778
1895636903;Lontra longicaudis;MX;;
1895636892;Lontra longicaudis;MX;;
1895636887;Lontra longicaudis;MX;18.53205;-95.01271
1895636882;Lontra longicaudis;MX;28.631667;-106.071944
1895636881;Lontra longicaudis;MX;19.842222;-90.531667
1895636871;Lontra longicaudis;MX;20.613333;-105.231111
1895636867;Lontra longicaudis;MX;17.432778;-95.024444
1895636861;Lontra longicaudis;MX;18.466667;-100.5775
1895636855;Lontra longicaudis;MX;18.770278;-95.760556
1895636853;Lontra longicaudis;MX;19.072778;-100.255
1895636848;Lontra longicaudis;MX;18.6525;-99.652778
1895636840;Lontra longicaudis;MX;18.512368;-88.403461
1895636838;Lontra longicaudis;MX;20.145;-101.685556
1895636834;Lontra longicaudis;MX;19.77209559;-104.0379598
1895636833;Lontra longicaudis;MX;19.016111;-91.090556
1895636825;Lontra longicaudis;MX;18.849444;-97.103611
1895636821;Lontra longicaudis;MX;15.965;-96.4575
1895636816;Lontra longicaudis;MX;;
1895636815;Lontra longicaudis;MX;14.908056;-92.260556
1895636813;Lontra longicaudis;MX;;
1895636805;Lontra longicaudis;MX;;
1895636800;Lontra longicaudis;MX;29.87016;-108.28068
1895636794;Lontra longicaudis;MX;18.31389;-91.83667
1895636793;Lontra longicaudis;MX;;
1895636788;Lontra longicaudis;MX;21.65525;-106.53758
1895636782;Lontra longicaudis;MX;16.891944;-98.964722
1895636775;Lontra longicaudis;MX;21.516111;-104.893889
1895636774;Lontra longicaudis;MX;18.16128;-92.12111
1895636773;Lontra longicaudis;MX;16.6825;-98.571944
1895636771;Lontra longicaudis;MX;17.718889;-101.601389
1895636761;Lontra longicaudis;MX;20.019722;-100.309444
1895636760;Lontra longicaudis;MX;18.628333;-95.521667
1895636759;Lontra longicaudis;MX;22;-105
1895636755;Lontra longicaudis;MX;17.432778;-95.024444
1895636751;Lontra longicaudis;MX;;
1895636741;Lontra longicaudis;MX;20.201667;-99.958333
1895636738;Lontra longicaudis;MX;16.774167;-99.606111
1895636737;Lontra longicaudis;MX;26.84275;-99.56912
1895636735;Lontra longicaudis;MX;18.436667;-95.216944
1895636730;Lontra longicaudis;MX;18.171944;-100.146111
1895636722;Lontra longicaudis;MX;16.641667;-95.979444
1895636720;Lontra longicaudis;MX;16.501944;-91.064444
1895636718;Lontra longicaudis;MX;20.195556;-104.344444
1895636714;Lontra longicaudis;MX;23.38361;-105.37083
1895636711;Lontra longicaudis;MX;17.326667;-95.235
1895636708;Lontra longicaudis;MX;20.43;-103.309444
1895636701;Lontra longicaudis;MX;21.536111;-105.118889
1895636699;Lontra longicaudis;MX;22.01;-103.225556
1895636692;Lontra longicaudis;MX;16.077778;-97.559722
1895636689;Lontra longicaudis;MX;21.516111;-104.893889
1895636686;Lontra longicaudis;MX;28.829722;-109.627222
1895636684;Lontra longicaudis;MX;;
1895636680;Lontra longicaudis;MX;16.863056;-98.896389
1895636676;Lontra longicaudis;MX;19.251944;-103.378611
1895636669;Lontra longicaudis;MX;15.36424;-92.59266
1895636666;Lontra longicaudis;MX;21.236111;-103.165
1895636663;Lontra longicaudis;MX;18.560278;-103.326667
1895636660;Lontra longicaudis;MX;20.806111;-105.247778
1895636654;Lontra longicaudis;MX;27.023333;-108.932222
1895636650;Lontra longicaudis;MX;20.486944;-105.4475
1895636648;Lontra longicaudis;MX;15.951389;-96.494444
1895636643;Lontra longicaudis;MX;20.208889;-104.279444
1895636640;Lontra longicaudis;MX;17.5625;-99.005556
1895636636;Lontra longicaudis;MX;18.0736;-101.1745
1895636627;Lontra longicaudis;MX;27.296944;-108.054444
1895636625;Lontra longicaudis;MX;18.065278;-99.871111
1895636624;Lontra longicaudis;MX;17.698889;-92.865556
1895636619;Lontra longicaudis;MX;30.495278;-107.117222
1895636618;Lontra longicaudis;MX;19.766111;-96.721111
1895636611;Lontra longicaudis;MX;25.363333;-105.258889
1895636609;Lontra longicaudis;MX;17.509167;-91.982222
1895636604;Lontra longicaudis;MX;18.103056;-98.874722
1895636601;Lontra longicaudis;MX;25.183333;-104.55
1895636600;Lontra longicaudis;MX;19.354722;-90.637222
1895636593;Lontra longicaudis;MX;16.465833;-96.684722
1895636592;Lontra longicaudis;MX;19.641111;-105.1825
1895636587;Lontra longicaudis;MX;27.211389;-107.913889
1895636585;Lontra longicaudis;MX;22.978889;-103.111667
1895636583;Lontra longicaudis;MX;18.770278;-95.760556
1895636580;Lontra longicaudis;MX;21.333611;-104.588056
1895636579;Lontra longicaudis;MX;17.835833;-93.39
1895636577;Lontra longicaudis;MX;18.07333;-102.75639
1895636575;Lontra longicaudis;MX;17.19;-93.104167
1895636574;Lontra longicaudis;MX;18.65343315;-99.57233128
1895636572;Lontra longicaudis;MX;18.504167;-95.035556
1895636571;Lontra longicaudis;MX;18.18465853;-103.0076699
1895636570;Lontra longicaudis;MX;17.023611;-93.013889
1895636568;Lontra longicaudis;MX;15.933333;-97.233333
1895636567;Lontra longicaudis;MX;18.327222;-100.698333
1895636566;Lontra longicaudis;MX;19.043333;-98.197222
1895636564;Lontra longicaudis;MX;16.89167;-98.96528
1895636563;Lontra longicaudis;MX;27.394167;-110.343056
1895636562;Lontra longicaudis;MX;21.333611;-104.588056
1895636560;Lontra longicaudis;MX;16.753333;-93.116667
1895636559;Lontra longicaudis;MX;18.16128;-92.12111
1895636556;Lontra longicaudis;MX;16.401944;-91.064444
1895636555;Lontra longicaudis;MX;17.067778;-96.72
1895636554;Lontra longicaudis;MX;;
1895636553;Lontra longicaudis;MX;17.432778;-95.024444
1895636552;Lontra longicaudis;MX;20.262222;-104.344444
1895636551;Lontra longicaudis;MX;19.940833;-105.248611
1895636550;Lontra longicaudis;MX;24.411389;-104.901111
1895636549;Lontra longicaudis;MX;22.01;-103.225556
1895636548;Lontra longicaudis;MX;16.6825;-96.884722
1895636546;Lontra longicaudis;MX;17.19;-93.104167
1895636545;Lontra longicaudis;MX;17.835833;-93.39
1895636544;Lontra longicaudis;MX;17.432778;-95.024444
1895636543;Lontra longicaudis;MX;17.006111;-100.0875
1895636542;Lontra longicaudis;MX;17.067778;-96.72
1895636541;Lontra longicaudis;MX;;
1895636540;Lontra longicaudis;MX;16.608333;-95.979444
1895636539;Lontra longicaudis;MX;;
1895636538;Lontra longicaudis;MX;19.515833;-101.609444
1895636536;Lontra longicaudis;MX;26.091389;-106.963056
1895636535;Lontra longicaudis;MX;27.023333;-108.932222
1895636534;Lontra longicaudis;MX;18.5825;-103.674444
1895636533;Lontra longicaudis;MX;17.536111;-101.270278
1895636532;Lontra longicaudis;MX;17.416667;-99.15
1895636531;Lontra longicaudis;MX;17.067778;-96.72
1895636530;Lontra longicaudis;MX;17.93151064;-101.8182213
1895636529;Lontra longicaudis;MX;16.6825;-98.405278
1895636527;Lontra longicaudis;MX;19.940833;-105.248611
1895636526;Lontra longicaudis;MX;19.174167;-96.131944
1895636525;Lontra longicaudis;MX;28.371111;-108.925556
1895636524;Lontra longicaudis;MX;19.641111;-105.1825
1895636523;Lontra longicaudis;MX;22.01;-103.225556
1895636522;Lontra longicaudis;MX;19.408056;-87.466389
1895636521;Lontra longicaudis;MX;16.5;-94
1895636518;Lontra longicaudis;MX;20.551667;-103.205833
1895636517;Lontra longicaudis;MX;17.01990175;-99.64843763
1895636516;Lontra longicaudis;MX;20.195556;-104.344444
1895636515;Lontra longicaudis;MX;15.744444;-96.465278
1895636514;Lontra longicaudis;MX;16.963056;-99.663611
1895636513;Lontra longicaudis;MX;17.208611;-100.434167
1895636511;Lontra longicaudis;MX;19.035278;-89.038889
1895636510;Lontra longicaudis;MX;18.419444;-95.113611
1895636509;Lontra longicaudis;MX;28.07041156;-109.8192063
1895636508;Lontra longicaudis;MX;17.067778;-96.72
1895636507;Lontra longicaudis;MX;19.354722;-90.637222
1895636506;Lontra longicaudis;MX;18.155;-99.068611
1895636505;Lontra longicaudis;MX;28.74242;-108.7469
1895636504;Lontra longicaudis;MX;17.067778;-96.72
1895636502;Lontra longicaudis;MX;18.770278;-95.760556
1895636501;Lontra longicaudis;MX;22.835278;-105.776667
1895636500;Lontra longicaudis;MX;20.613333;-105.231111
1895636499;Lontra longicaudis;MX;16.963056;-99.380278
1895636498;Lontra longicaudis;MX;16.90839;-99.6256
1895636497;Lontra longicaudis;MX;;
1895636496;Lontra longicaudis;MX;;
1895636495;Lontra longicaudis;MX;15.866667;-97.075
1895636494;Lontra longicaudis;MX;;
1895636493;Lontra longicaudis;MX;19.940833;-105.248611
1895636491;Lontra longicaudis;MX;17.9825;-101.807222
1895636490;Lontra longicaudis;MX;15.7444;-96.4653
1895636489;Lontra longicaudis;MX;15.528333;-92.078611
1895636488;Lontra longicaudis;MX;16.332778;-95.238889
1895636487;Lontra longicaudis;MX;17.444444;-101.055
1895636486;Lontra longicaudis;MX;28.42606;-107.44314
1895636485;Lontra longicaudis;MX;23.45834;-104.3
1895636484;Lontra longicaudis;MX;16.14327032;-90.92506436
1895636483;Lontra longicaudis;MX;16.666667;-93.65
1895636482;Lontra longicaudis;MX;19.082778;-100.409444
1895636481;Lontra longicaudis;MX;16.501944;-94.433889
1895636480;Lontra longicaudis;MX;17.758056;-92.5925
1895636478;Lontra longicaudis;MX;21.970556;-99.537222
1895636477;Lontra longicaudis;MX;17.432778;-95.024444
1895636476;Lontra longicaudis;MX;17.208611;-100.434167
1895636475;Lontra longicaudis;MX;18.96;-99.923333
1895636474;Lontra longicaudis;MX;18.776389;-100.428056
1895636473;Lontra longicaudis;MX;18.18465853;-103.0076699
1895636472;Lontra longicaudis;MX;19.174167;-96.131944
1895636471;Lontra longicaudis;MX;;
1895636470;Lontra longicaudis;MX;18.038889;-102.541944
1895636469;Lontra longicaudis;MX;19.579444;-88.045278
1895636468;Lontra longicaudis;MX;;
1895636467;Lontra longicaudis;MX;16.143333;-98.048333
1895636465;Lontra longicaudis;MX;19.382222;-104.980833
1895636464;Lontra longicaudis;MX;17.698889;-92.865556
1895636463;Lontra longicaudis;MX;19.431944;-97.001111
1895636462;Lontra longicaudis;MX;18.770278;-96.043889
1895636461;Lontra longicaudis;MX;19.766111;-97.287778
1895636460;Lontra longicaudis;MX;20.504722;-97.667778
1895636459;Lontra longicaudis;MX;16.753333;-93.116667
1895636458;Lontra longicaudis;MX;;
1895636456;Lontra longicaudis;MX;19.383889;-104.968333
1895636455;Lontra longicaudis;MX;16.143333;-98.048333
1895636454;Lontra longicaudis;MX;20.43;-103.309444
1895636453;Lontra longicaudis;MX;30.495278;-107.117222
1895636452;Lontra longicaudis;MX;16.62333;-95.23917
1895636451;Lontra longicaudis;MX;17.718889;-101.601389
1895636450;Lontra longicaudis;MX;16.003333;-95.673889
1895636449;Lontra longicaudis;MX;15.951389;-96.494444
1895636448;Lontra longicaudis;MX;17.01990175;-99.64843763
1895636447;Lontra longicaudis;MX;22.01;-103.225556
1895636445;Lontra longicaudis;MX;19.691944;-104.078056
1895636444;Lontra longicaudis;MX;16.60973;-91.00982
1895636443;Lontra longicaudis;MX;15.786667;-96.586667
1895636442;Lontra longicaudis;MX;20.201667;-99.958333
1895636441;Lontra longicaudis;MX;20.620278;-102.747222
1895636440;Lontra longicaudis;MX;;
1895636439;Lontra longicaudis;MX;16.774167;-99.606111
1895636438;Lontra longicaudis;MX;17.509167;-91.982222
1895636437;Lontra longicaudis;MX;26.666944;-108.619722
1895636436;Lontra longicaudis;MX;18.318056;-102.934722
1895636435;Lontra longicaudis;MX;17.432778;-95.024444
1895636434;Lontra longicaudis;MX;28.631667;-106.071944
1895636433;Lontra longicaudis;MX;22.01;-103.225556
1895636432;Lontra longicaudis;MX;19.481111;-104.639167
1895636431;Lontra longicaudis;MX;15.915556;-92.173611
1895636430;Lontra longicaudis;MX;;
1895636429;Lontra longicaudis;MX;18.419444;-95.113611
1895636428;Lontra longicaudis;MX;17.438889;-97.671667
1895636427;Lontra longicaudis;MX;18.39111;-91.18944
1895636426;Lontra longicaudis;MX;15.528333;-92.078611
1895636424;Lontra longicaudis;MX;18.346667;-100.606944
1895636423;Lontra longicaudis;MX;18.21913;-100.89339
1895636422;Lontra longicaudis;MX;;
1895636421;Lontra longicaudis;MX;16.251111;-92.134167
1895636420;Lontra longicaudis;MX;;
1895636419;Lontra longicaudis;MX;21.970556;-99.537222
1895636418;Lontra longicaudis;MX;18.436667;-95.216944
1895636417;Lontra longicaudis;MX;19.044722;-101.020833
1895636416;Lontra longicaudis;MX;27.95;-108.15
1895636415;Lontra longicaudis;MX;;
1895636414;Lontra longicaudis;MX;19.777222;-87.591111
1895636412;Lontra longicaudis;MX;20.967778;-89.621667
1895636411;Lontra longicaudis;MX;22.835278;-105.776667
1895636410;Lontra longicaudis;MX;27.95;-108.15
1895636409;Lontra longicaudis;MX;;
1895636408;Lontra longicaudis;MX;21.37032221;-104.5696177
1895636407;Lontra longicaudis;MX;18.825;-90.248611
1895636406;Lontra longicaudis;MX;26.7075;-108.320833
1895636405;Lontra longicaudis;MX;18.915278;-97.001111
1895636404;Lontra longicaudis;MX;19.41847;-104.18601
1895636403;Lontra longicaudis;MX;16.251111;-92.134167
1895636402;Lontra longicaudis;MX;17.411111;-98.748611
1895636401;Lontra longicaudis;MX;15.866667;-98.541667
1895636400;Lontra longicaudis;MX;16.663056;-99.096944
1895636399;Lontra longicaudis;MX;17.550499;-101.306642
1895636398;Lontra longicaudis;MX;29.87016;-108.28068
1895636396;Lontra longicaudis;MX;15.866667;-97.358333
1895636395;Lontra longicaudis;MX;22.771667;-102.575278
1895636394;Lontra longicaudis;MX;;
1895636393;Lontra longicaudis;MX;18.770278;-95.760556
1895636392;Lontra longicaudis;MX;18.448333;-95.094722
1895636391;Lontra longicaudis;MX;18.356944;-102.289167
1895636390;Lontra longicaudis;MX;16.116667;-95.616667
1895636389;Lontra longicaudis;MX;16.251111;-92.134167
1895636387;Lontra longicaudis;MX;19.948611;-97.551111
1895636386;Lontra longicaudis;MX;18.186944;-98.288889
1895636385;Lontra longicaudis;MX;;
1895636384;Lontra longicaudis;MX;22.255278;-97.868611
1895636383;Lontra longicaudis;MX;21.035556;-105.107778
1895636382;Lontra longicaudis;MX;18.15472;-99.06861
1895636381;Lontra longicaudis;MX;19.243056;-103.730556
1895636380;Lontra longicaudis;MX;17.556667;-100.253611
1895636379;Lontra longicaudis;MX;16.101944;-91.064444
1895636377;Lontra longicaudis;MX;18.327222;-100.698333
1895636376;Lontra longicaudis;MX;18.360833;-100.671389
1895636375;Lontra longicaudis;MX;;
1895636374;Lontra longicaudis;MX;16.706944;-93.013889
1895636373;Lontra longicaudis;MX;16.61732686;-97.82629366
1895636372;Lontra longicaudis;MX;18.628333;-95.521667
1895636371;Lontra longicaudis;MX;16.026111;-95.666667
1895636370;Lontra longicaudis;MX;18.532222;-95.307222
1895636369;Lontra longicaudis;MX;18.466667;-100.5775
1895636368;Lontra longicaudis;MX;19.725278;-104.078056
1895636367;Lontra longicaudis;MX;18.103056;-99.108056
1895636365;Lontra longicaudis;MX;15.846944;-96.013889
1895636364;Lontra longicaudis;MX;19.8075;-99.886944
1895636363;Lontra longicaudis;MX;;
1895636362;Lontra longicaudis;MX;19.044722;-101.020833
1895636361;Lontra longicaudis;MX;;
1895636360;Lontra longicaudis;MX;18.1429;-99.07135
1895636359;Lontra longicaudis;MX;16.077778;-97.559722
1895636358;Lontra longicaudis;MX;27.296944;-108.054444
1895636357;Lontra longicaudis;MX;;
1895636356;Lontra longicaudis;MX;17.76417;-101.52389
1895636355;Lontra longicaudis;MX;18.448333;-95.094722
1895636353;Lontra longicaudis;MX;17.012778;-99.178056
1895636352;Lontra longicaudis;MX;19.641111;-105.1825
1895636351;Lontra longicaudis;MX;18.360833;-100.671389
1895636350;Lontra longicaudis;MX;;
1895636349;Lontra longicaudis;MX;16.3584;-95.27298
1895636348;Lontra longicaudis;MX;18.6525;-99.736111
1895636347;Lontra longicaudis;MX;25.006389;-98.4125
1895636346;Lontra longicaudis;MX;20.504722;-97.667778
1895636345;Lontra longicaudis;MX;22.01;-103.225556
1895636344;Lontra longicaudis;MX;18.883333;-99.063333
1895636343;Lontra longicaudis;MX;19.016111;-91.090556
1895636342;Lontra longicaudis;MX;20.548333;-104.013333
1895636341;Lontra longicaudis;MX;15.846944;-96.013889
1895636340;Lontra longicaudis;MX;18.318611;-98.843056
1895636339;Lontra longicaudis;MX;25.363333;-105.258889
1895636338;Lontra longicaudis;MX;;
1895636337;Lontra longicaudis;MX;19.082778;-100.409444
1895636336;Lontra longicaudis;MX;16.55;-93.65
1895636335;Lontra longicaudis;MX;17.432778;-95.024444
1895636334;Lontra longicaudis;MX;20.676389;-103.346111
1895636333;Lontra longicaudis;MX;;
1895636332;Lontra longicaudis;MX;22.01;-103.225556
1895636331;Lontra longicaudis;MX;19.766111;-97.287778
1895636330;Lontra longicaudis;MX;17.326667;-95.235
1895636329;Lontra longicaudis;MX;18.365278;-99.871111
1895636328;Lontra longicaudis;MX;19.197222;-103.927778
1895636327;Lontra longicaudis;MX;27.49;-108.932222
1895636326;Lontra longicaudis;MX;17.359722;-99.461944
1895636325;Lontra longicaudis;MX;19.769444;-104.6
1895636324;Lontra longicaudis;MX;17.359722;-99.461944
1895636323;Lontra longicaudis;MX;22.01;-103.225556
1895636322;Lontra longicaudis;MX;17.067778;-96.72
1895636321;Lontra longicaudis;MX;16.963056;-99.096944
1895636320;Lontra longicaudis;MX;;
1895636319;Lontra longicaudis;MX;18.883333;-99.063333
1895636318;Lontra longicaudis;MX;;
1895636317;Lontra longicaudis;MX;18.33453225;-94.76728059
1895636316;Lontra longicaudis;MX;19.383889;-104.968333
1895636315;Lontra longicaudis;MX;26.818611;-106.558889
1895636314;Lontra longicaudis;MX;17.053889;-96.064167
1895636313;Lontra longicaudis;MX;16.02579207;-95.66529108
1895636312;Lontra longicaudis;MX;;
1895636311;Lontra longicaudis;MX;15.866667;-97.641667
1895636310;Lontra longicaudis;MX;16.903889;-96.064167
1895636309;Lontra longicaudis;MX;27.296944;-108.054444
1895636308;Lontra longicaudis;MX;18.849444;-97.103611
1895636307;Lontra longicaudis;MX;17.556667;-100.253611
1895636306;Lontra longicaudis;MX;26.091389;-106.963056
1895636305;Lontra longicaudis;MX;25.006389;-98.3625
1895636304;Lontra longicaudis;MX;;
1895636303;Lontra longicaudis;MX;20.525278;-104.786389
1895636302;Lontra longicaudis;MX;20.525278;-104.786389
1895636301;Lontra longicaudis;MX;;
1895636300;Lontra longicaudis;MX;27.95;-108.15
1895636299;Lontra longicaudis;MX;18.776389;-100.428056
1895636298;Lontra longicaudis;MX;16.9882949;-99.11095495
1895636297;Lontra longicaudis;MX;18.33453225;-94.76728059
1895636296;Lontra longicaudis;MX;19.7;-87.816667
1895636295;Lontra longicaudis;MX;18.825;-90.248611
1895636294;Lontra longicaudis;MX;17.413333;-100.606944
1895636293;Lontra longicaudis;MX;18.171944;-100.146111
1895636292;Lontra longicaudis;MX;;
1895636291;Lontra longicaudis;MX;;
1895636290;Lontra longicaudis;MX;21.65525;-106.53758
1895636289;Lontra longicaudis;MX;19.072778;-100.255
1895636288;Lontra longicaudis;MX;16.501944;-94.433889
1895636287;Lontra longicaudis;MX;18.364167;-101.683333
1895636285;Lontra longicaudis;MX;19.15;-96.965
1895636284;Lontra longicaudis;MX;21.144167;-101.915833
1895636283;Lontra longicaudis;MX;18.327222;-100.698333
1895636282;Lontra longicaudis;MX;20.486944;-105.4475
1895636281;Lontra longicaudis;MX;17.067778;-96.72
1895636280;Lontra longicaudis;MX;;
1895636279;Lontra longicaudis;MX;20.620278;-102.747222
1895636278;Lontra longicaudis;MX;19.66730195;-88.49985027
1895636277;Lontra longicaudis;MX;20.676389;-103.346111
1895636276;Lontra longicaudis;MX;16.610278;-98.822778
1895636275;Lontra longicaudis;MX;15.57343;-92.81707
1895636273;Lontra longicaudis;MX;19.013889;-103.735556
1895636272;Lontra longicaudis;MX;21.536111;-105.118889
1895636271;Lontra longicaudis;MX;21.236111;-103.165
1895636270;Lontra longicaudis;MX;;
1895636269;Lontra longicaudis;MX;28.42627016;-107.4434823
1895636268;Lontra longicaudis;MX;21.136111;-103.165
1895636267;Lontra longicaudis;MX;16.85862117;-99.14123524
1895636266;Lontra longicaudis;MX;18.65278;-99.57222
1895636265;Lontra longicaudis;MX;19.09299;-96.89148
1895636264;Lontra longicaudis;MX;17.945556;-96.047222
1895636263;Lontra longicaudis;MX;19.383889;-104.968333
1895636262;Lontra longicaudis;MX;;
1895636261;Lontra longicaudis;MX;18.96;-99.923333
1895636260;Lontra longicaudis;MX;22.01;-103.225556
1895636259;Lontra longicaudis;MX;17.945556;-96.047222
1895636258;Lontra longicaudis;MX;19.013889;-103.735556
1895636256;Lontra longicaudis;MX;18.782778;-99.711389
1895636255;Lontra longicaudis;MX;16.695;-93.721667
1895636254;Lontra longicaudis;MX;16.6825;-98.571944
1895636252;Lontra longicaudis;MX;20.145;-101.685556
1895636251;Lontra longicaudis;MX;19.6969783;-104.2673448
1895636249;Lontra longicaudis;MX;18.318056;-102.934722
1895636248;Lontra longicaudis;MX;14.908056;-92.260556
1895636246;Lontra longicaudis;MX;19.826944;-98.901111
1895636245;Lontra longicaudis;MX;19.197222;-103.811111
1895636244;Lontra longicaudis;MX;22.151111;-100.976111
1895636243;Lontra longicaudis;MX;;
1895636242;Lontra longicaudis;MX;20.145;-101.685556
1895636241;Lontra longicaudis;MX;18.770278;-96.043889
1895636239;Lontra longicaudis;MX;23.45875958;-104.3002416
1895636238;Lontra longicaudis;MX;19.044722;-101.020833
1895636235;Lontra longicaudis;MX;18.038889;-102.541944
1895636234;Lontra longicaudis;MX;;
1895636232;Lontra longicaudis;MX;18.155;-99.068611
1895636230;Lontra longicaudis;MX;15.74520383;-96.46532908
1895636229;Lontra longicaudis;MX;19.940833;-105.248611
1895636222;Lontra longicaudis;MX;17.644167;-101.550833
1895636221;Lontra longicaudis;MX;16.251111;-92.134167
1895636218;Lontra longicaudis;MX;19.251944;-103.378611
1895636217;Lontra longicaudis;MX;20.175556;-104.279444
1895636216;Lontra longicaudis;MX;27.023333;-108.932222
1895636215;Lontra longicaudis;MX;16.726667;-99.123333
1895636214;Lontra longicaudis;MX;17.444444;-101.055
1895636212;Lontra longicaudis;MX;16.026111;-95.666667
1895636202;Lontra longicaudis;MX;17.006111;-100.0875
1895636200;Lontra longicaudis;MX;;
1895636196;Lontra longicaudis;MX;27.225;-109.258889
1895636193;Lontra longicaudis;MX;;
1895636192;Lontra longicaudis;MX;16.891944;-98.964722
1895636186;Lontra longicaudis;MX;;
1895636179;Lontra longicaudis;MX;19.383889;-104.968333
1895636172;Lontra longicaudis;MX;19.940833;-105.248611
1895636170;Lontra longicaudis;MX;18.856944;-102.289167
1895636169;Lontra longicaudis;MX;18.532222;-95.307222
1895636147;Lontra longicaudis;MX;21.550278;-104.588056
1895636129;Lontra longicaudis;MX;18.318611;-98.843056
1895583628;Lontra longicaudis;MX;16.579889;-90.699667
1894909774;Lontra longicaudis;MX;16.125;-95.608333
1894909768;Lontra longicaudis;MX;16.065;-96.07
1894828530;Lontra longicaudis;MX;18.758333;-96.291667
1894828528;Lontra longicaudis;MX;19.125;-96.125
1894750904;Lontra longicaudis;MX;20.9675;-90.265
1894735074;Lontra longicaudis;MX;15.399722;-92.58
1894735057;Lontra longicaudis;MX;15.880278;-93.191944
1894735038;Lontra longicaudis;MX;15.880278;-93.191944
1894735011;Lontra longicaudis;MX;16.276111;-93.783333
1894734998;Lontra longicaudis;MX;15.1575;-92.229722
1894734923;Lontra longicaudis;MX;15.880278;-93.191944
1894298663;Lontra longicaudis;;;
1894298612;Lontra longicaudis;;;
1894146323;Lontra longicaudis;MX;18.779139;-103.160761
1894037686;Lontra longicaudis;MX;19.007833;-97.025994
1894037685;Lontra longicaudis;MX;19.215833;-96.885278
1894037655;Lontra longicaudis;MX;19.321939;-97.041669
1894037592;Lontra longicaudis;MX;19.189722;-96.986389
1894037584;Lontra longicaudis;;;
1893584525;Lontra longicaudis;MX;16.708889;-91.065278
1893584265;Lontra longicaudis;MX;16.708889;-91.065278
1893584246;Lontra longicaudis;MX;16.708889;-91.065278
1893546538;Lontra longicaudis;MX;19.4;-104.975
1893489306;Lontra longicaudis;MX;0;0
1893489301;Lontra longicaudis;MX;0;0
1893489262;Lontra longicaudis;MX;0;0
1893489260;Lontra longicaudis;MX;16.43643;-94.21964
1893489259;Lontra longicaudis;MX;0;0
1893489232;Lontra longicaudis;MX;0.001927418;0.001484396
1893489229;Lontra longicaudis;MX;0;0
1893489213;Lontra longicaudis;MX;0;0
1893489195;Lontra longicaudis;MX;0;0
1893489189;Lontra longicaudis;MX;0;0
1893489179;Lontra longicaudis;MX;16.43643;-94.21964
1893489160;Lontra longicaudis;MX;0;0
1893489155;Lontra longicaudis;MX;17.43167;-95.02472
1893489149;Lontra longicaudis;MX;0;0
1893482549;Lontra longicaudis;MX;0.001927418;0.001484396
1893482450;Lontra longicaudis;MX;0;0
1893482422;Lontra longicaudis;MX;0;0
1884046336;Lontra longicaudis;CO;5.815472;-74.996389
1883955207;Lontra longicaudis;MX;18.651329;-95.629365
1881588040;Lontra longicaudis;CO;6.562028;-73.567778
1880510002;Lontra longicaudis;CO;5.946745;-74.802873
1850938404;Lontra longicaudis;BR;-27.714571;-48.530183
1850909084;Lontra longicaudis;BR;-23.250049;-44.687705
1848786481;Lontra longicaudis;CR;10.369328;-83.979852
1848594445;Lontra longicaudis;CO;;
1848594440;Lontra longicaudis;CO;;
1848594411;Lontra longicaudis;CO;;
1848594359;Lontra longicaudis;CO;;
1848593879;Lontra longicaudis;CO;;
1848368543;Lontra longicaudis;BR;-21.74289165;-48.17342414
1846726378;Lontra longicaudis;CO;4.1814;-73.2156
1846726340;Lontra longicaudis;CO;10.46405;-74.16991
1846726276;Lontra longicaudis;CO;10.45523;-74.20978
1846726256;Lontra longicaudis;CO;10.45883;-74.17248
1846726173;Lontra longicaudis;CO;10.35423;-74.14707
1846726147;Lontra longicaudis;CO;10.35423;-74.14707
1846726138;Lontra longicaudis;CO;10.35423;-74.14707
1846726126;Lontra longicaudis;CO;10.34812;-74.14479
1844470676;Lontra longicaudis;AR;-34.05;-58.846056
1839300770;Lontra longicaudis;CO;4.025856;-75.555889
1838377489;Lontra longicaudis;CR;9.472679;-83.716583
1838306153;Lontra longicaudis;BR;-9.614291;-67.790208
1831181059;Lontra longicaudis;CR;10.586952;-84.084401
1831179461;Lontra longicaudis;MX;17.92792;-96.469348
1831158020;Lontra longicaudis;GT;16.803259;-89.793247
1831086577;Lontra longicaudis;CO;5.821538;-74.906127
1829120699;Lontra longicaudis;CO;10.191667;-73.798611
1829117829;Lontra longicaudis;CO;11.140056;-73.350139
1829117771;Lontra longicaudis;CO;11.029472;-73.614806
1829117712;Lontra longicaudis;CO;11.029472;-73.614806
1807913133;Lontra longicaudis;BR;-17.364155;-56.773609
1807300475;Lontra longicaudis;CO;11.095658;-74.012317
1807282429;Lontra longicaudis;CR;11.052597;-84.705085
1806453911;Lontra longicaudis;CO;3.81198;-73.86215
1806451986;Lontra longicaudis;CO;;
1806449059;Lontra longicaudis;CO;4.135111;-73.328738
1806448669;Lontra longicaudis;CO;;
1804708411;Lontra longicaudis;;;
1804708364;Lontra longicaudis;;;
1804707630;Lontra longicaudis;CO;2.261;-73.793
1707665531;Lontra longicaudis;CO;;
1707665441;Lontra longicaudis;CO;;
1707664818;Lontra longicaudis;CO;;
1707664668;Lontra longicaudis;CO;;
1707664650;Lontra longicaudis;CO;;
1707664505;Lontra longicaudis;CO;;
1707664462;Lontra longicaudis;CO;;
1707664367;Lontra longicaudis;CO;;
1707663121;Lontra longicaudis;CO;;
1707661264;Lontra longicaudis;CO;;
1707660425;Lontra longicaudis;CO;;
1707659448;Lontra longicaudis;CO;;
1707659414;Lontra longicaudis;CO;;
1707658803;Lontra longicaudis;CO;;
1707658717;Lontra longicaudis;CO;;
1707658123;Lontra longicaudis;CO;;
1707658107;Lontra longicaudis;CO;;
1707658083;Lontra longicaudis;CO;;
1707658065;Lontra longicaudis;BR;;
1707658043;Lontra longicaudis;CO;;
1705719748;Lontra longicaudis;CO;6.932186;-76.973044
1705719747;Lontra longicaudis;CO;6.932186;-76.973044
1705719745;Lontra longicaudis;CO;6.932186;-76.973044
1705719735;Lontra longicaudis;CO;6.932186;-76.973044
1705719730;Lontra longicaudis;CO;6.932186;-76.973044
1705207274;Lontra longicaudis;CO;7.412861;-77.171417
1705207273;Lontra longicaudis;CO;7.412861;-77.171417
1705207272;Lontra longicaudis;CO;7.412861;-77.171417
1705207260;Lontra longicaudis;CO;7.412861;-77.171417
1703238240;Lontra longicaudis;CO;9.223683;-75.837483
1703238239;Lontra longicaudis;CO;9.196433;-75.819467
1703238238;Lontra longicaudis;CO;9.223417;-75.830083
1703238237;Lontra longicaudis;CO;9.239972;-75.880958
1703238236;Lontra longicaudis;CO;9.224231;-75.816394
1703238235;Lontra longicaudis;CO;9.226117;-75.854403
1703238234;Lontra longicaudis;CO;9.240283;-75.88105
1703238233;Lontra longicaudis;CO;9.322789;-75.952033
1703238232;Lontra longicaudis;CO;9.23625;-75.877117
1703238231;Lontra longicaudis;CO;9.239944;-75.899206
1703238230;Lontra longicaudis;CO;9.223617;-75.839283
1703238229;Lontra longicaudis;CO;9.321617;-75.95695
1703238228;Lontra longicaudis;CO;9.199133;-75.820133
1703238227;Lontra longicaudis;CO;9.241183;-75.88115
1703238226;Lontra longicaudis;CO;9.3214;-75.95905
1703238225;Lontra longicaudis;CO;9.195583;-75.819217
1703238224;Lontra longicaudis;CO;9.321617;-75.958067
1703238223;Lontra longicaudis;CO;9.222092;-75.847542
1703238222;Lontra longicaudis;CO;9.205817;-75.829833
1703238221;Lontra longicaudis;CO;9.205117;-75.817917
1703238220;Lontra longicaudis;CO;9.236267;-75.876844
1703238219;Lontra longicaudis;CO;9.300694;-75.900583
1703238218;Lontra longicaudis;CO;9.317911;-75.935114
1703238217;Lontra longicaudis;CO;9.360772;-75.977822
1703238216;Lontra longicaudis;CO;9.361867;-75.977333
1703238215;Lontra longicaudis;CO;9.360603;-75.977608
1703238214;Lontra longicaudis;CO;9.309278;-75.927642
1703238213;Lontra longicaudis;CO;9.260733;-75.8901
1703238212;Lontra longicaudis;CO;9.285864;-75.894236
1703238211;Lontra longicaudis;CO;9.307767;-75.925572
1703238210;Lontra longicaudis;CO;9.309328;-75.927367
1703238209;Lontra longicaudis;CO;9.257828;-75.896442
1703238208;Lontra longicaudis;CO;9.289617;-75.893697
1703238207;Lontra longicaudis;CO;9.360386;-75.977492
1703238206;Lontra longicaudis;CO;9.314558;-75.896114
1703238205;Lontra longicaudis;CO;9.360669;-75.977792
1703238204;Lontra longicaudis;CO;9.247375;-75.886175
1703238203;Lontra longicaudis;CO;9.24215;-75.8817
1703238202;Lontra longicaudis;CO;9.259267;-75.8974
1703238201;Lontra longicaudis;CO;9.242383;-75.881583
1703238200;Lontra longicaudis;CO;9.357233;-75.976975
1703238199;Lontra longicaudis;CO;9.326325;-75.937383
1703238198;Lontra longicaudis;CO;9.308103;-75.893258
1703238197;Lontra longicaudis;CO;9.298828;-75.908669
1703238196;Lontra longicaudis;CO;9.287506;-75.892369
1703238195;Lontra longicaudis;CO;9.3131;-75.929219
1703238194;Lontra longicaudis;CO;9.363878;-75.977961
1703154902;Lontra longicaudis;MX;19.205182;-100.559986
1703133271;Lontra longicaudis;MX;20.733009;-103.831289
1703125754;Lontra longicaudis;CR;10.55939;-83.487451
1702456329;Lontra longicaudis;CR;10.525641;-84.105765
1698983241;Lontra longicaudis;BR;-10.931111;-41.056667
1698666388;Lontra longicaudis;AR;-57.125;-34.066666
1698144053;Lontra longicaudis;PA;9.15;-79.849998
1698143720;Lontra longicaudis;PE;-11.9;-71.366699
1698143575;Lontra longicaudis;BR;-2.5;-60
1677384494;Lontra longicaudis;BR;-19.601032;-56.118248
1677382526;Lontra longicaudis;BR;-9.597601;-55.931152
1677380166;Lontra longicaudis;CR;10.359502;-83.443909
1677308260;Lontra longicaudis;BO;-14.986218;-64.953152
1677308215;Lontra longicaudis;BO;-14.985069;-64.878204
1671689093;Lontra longicaudis;CO;7.437778;-77.122222
1668826531;Lontra longicaudis;BR;-16.730453;-56.961182
1668808256;Lontra longicaudis;CR;10.501146;-84.066796
1668792889;Lontra longicaudis;CR;10.503809;-84.005933
1656637904;Lontra longicaudis;;;
1640037318;Lontra longicaudis;CO;8.088979;-76.665939
1632926048;Lontra longicaudis;CO;5.6805;-77.248056
1586204939;Lontra longicaudis;PE;-0.330914;-74.914328
1586204915;Lontra longicaudis;PE;-2.775823;-75.477793
1586101508;Lontra longicaudis;MX;22.182611;-98.354312
1585340902;Lontra longicaudis;CR;8.699969;-83.203369
1584062551;Lontra longicaudis;CO;4.073611;-76.513056
1580149767;Lontra longicaudis;BR;-20.070423;-55.954269
1572337094;Lontra longicaudis;CR;10.452732;-83.549414
1571074000;Lontra longicaudis;MX;15.491511;-92.979187
1571065834;Lontra longicaudis;MX;17.878511;-96.882152
1571061247;Lontra longicaudis;MX;15.196798;-92.661741
1571057000;Lontra longicaudis;MX;18.171384;-97.218524
1570685809;Lontra longicaudis;CO;6.092778;-77.271111
1569201165;Lontra longicaudis;AR;;
1569200219;Lontra longicaudis;AR;;
1569200210;Lontra longicaudis;AR;;
1563439159;Lontra longicaudis;MX;18.289023;-91.9095
1563421370;Lontra longicaudis;CO;4.749853;-75.564478
1563416432;Lontra longicaudis;PE;-3.941388;-73.306707
1500320334;Lontra longicaudis;CR;10.519281;-84.074037
1500226846;Lontra longicaudis;CR;10.519868;-83.45517
1500217356;Lontra longicaudis;CR;10.493164;-84.091382
1455895580;Lontra longicaudis;CO;3.632694;-76.097028
1453503062;Lontra longicaudis;MX;17.715479;-92.209922
1453490968;Lontra longicaudis;CR;10.484535;-84.031375
1453424058;Lontra longicaudis;CR;10.598468;-83.532693
1453423402;Lontra longicaudis;MX;16.95268;-100.165085
1453404150;Lontra longicaudis;HN;14.862895;-87.834398
1453384937;Lontra longicaudis;MX;16.316412;-90.820234
1453265759;Lontra longicaudis;MX;18.131307;-92.437674
1427546350;Lontra longicaudis;CO;0.981083;-77.138667
1427426452;Lontra longicaudis;CO;7.225969;-73.227669
1418627617;Lontra longicaudis;MX;17.85574;-97.01117
1418627613;Lontra longicaudis;MX;17.74858;-96.94916
1418627612;Lontra longicaudis;MX;17.93932;-96.92879
1418626986;Lontra longicaudis;MX;17.76677;-96.96371
1418626955;Lontra longicaudis;MX;17.75154;-96.94974
1418626941;Lontra longicaudis;MX;17.80208;-96.98545
1418626895;Lontra longicaudis;MX;17.76776;-96.96377
1418626876;Lontra longicaudis;MX;17.91012;-96.9717
1418626844;Lontra longicaudis;MX;17.81282;-96.98998
1418626715;Lontra longicaudis;MX;17.91255;-96.97023
1418626572;Lontra longicaudis;MX;17.8089;-96.98573
1418626492;Lontra longicaudis;MX;17.91071;-96.97234
1418626271;Lontra longicaudis;MX;17.80097;-96.98593
1418626176;Lontra longicaudis;MX;18.664913;-99.502893
1418626132;Lontra longicaudis;MX;17.85523;-97.01126
1418626058;Lontra longicaudis;MX;17.74474;-96.94905
1418626044;Lontra longicaudis;MX;17.80881;-96.98741
1418625853;Lontra longicaudis;MX;17.91133;-96.96996
1418625719;Lontra longicaudis;MX;17.77186;-96.95964
1418625656;Lontra longicaudis;MX;17.75156;-96.94973
1418625652;Lontra longicaudis;MX;17.76593;-96.96428
1418625630;Lontra longicaudis;MX;17.76457;-96.951
1418625610;Lontra longicaudis;MX;17.8957;-96.99534
1418625595;Lontra longicaudis;MX;17.74472;-96.94915
1418625589;Lontra longicaudis;MX;17.74846;-96.94904
1418625446;Lontra longicaudis;MX;17.73714;-96.94329
1418625403;Lontra longicaudis;MX;17.77183;-96.95964
1418625141;Lontra longicaudis;MX;17.74852;-96.94913
1418625034;Lontra longicaudis;MX;17.75187;-96.94964
1418625016;Lontra longicaudis;MX;17.77186;-96.95964
1418624999;Lontra longicaudis;MX;19.331374;-96.772714
1418624888;Lontra longicaudis;MX;17.87439;-97.00088
1418624839;Lontra longicaudis;MX;17.74473;-96.94906
1418624831;Lontra longicaudis;MX;17.77182;-96.95965
1417811081;Lontra longicaudis;MX;;
1417810942;Lontra longicaudis;MX;;
1417810482;Lontra longicaudis;MX;;
1417810226;Lontra longicaudis;MX;;
1417809564;Lontra longicaudis;MX;;
1417808409;Lontra longicaudis;MX;16.122778;-90.930833
1417807622;Lontra longicaudis;MX;17.829167;-93.391667
1417795226;Lontra longicaudis;MX;16.983889;-99.075278
1417472628;Lontra longicaudis;BR;;
1417467664;Lontra longicaudis;;;
1417467663;Lontra longicaudis;;;
1417467656;Lontra longicaudis;;;
1417467654;Lontra longicaudis;;;
1417467651;Lontra longicaudis;;;
1417467643;Lontra longicaudis;;;
1417467639;Lontra longicaudis;;;
1417466149;Lontra longicaudis;BR;;
1417465585;Lontra longicaudis;BR;;
1417465207;Lontra longicaudis;BR;;
1323974481;Lontra longicaudis;BR;;
1323974460;Lontra longicaudis;BR;;
1323973604;Lontra longicaudis;BR;-19.391111;-40.072222
1322759524;Lontra longicaudis;PA;;
1322610149;Lontra longicaudis;MX;;
1322510585;Lontra longicaudis;PA;8.8583;-82.7458
1322363674;Lontra longicaudis;VE;9.18;-72.7
1322281253;Lontra longicaudis;MX;;
1322207074;Lontra longicaudis;BR;;
1321867294;Lontra longicaudis;PA;;
1321737703;Lontra longicaudis;VE;3.53;-65.8
1321452190;Lontra longicaudis;HN;;
1321281682;Lontra longicaudis;PA;;
1321195844;Lontra longicaudis;VE;9.18;-72.7
1321187212;Lontra longicaudis;MX;;
1321160114;Lontra longicaudis;MX;;
1320809560;Lontra longicaudis;VE;;
1320562313;Lontra longicaudis;TT;;
1320393063;Lontra longicaudis;PE;;
1320332717;Lontra longicaudis;ZZ;;
1320326232;Lontra longicaudis;VE;;
1320230911;Lontra longicaudis;BR;;
1320136182;Lontra longicaudis;PE;;
1319957726;Lontra longicaudis;PA;;
1319861454;Lontra longicaudis;PA;;
1319845096;Lontra longicaudis;PA;;
1319582897;Lontra longicaudis;ZZ;;
1319416236;Lontra longicaudis;CR;;
1318916689;Lontra longicaudis;PA;;
1318897299;Lontra longicaudis;PA;;
1318693149;Lontra longicaudis;PA;;
1318297294;Lontra longicaudis;ZZ;;
1318211460;Lontra longicaudis;CO;;
1318210307;Lontra longicaudis;CR;;
1318194791;Lontra longicaudis;PA;;
1318067133;Lontra longicaudis;PA;;
1318032087;Lontra longicaudis;PA;;
1318014429;Lontra longicaudis;NI;;
1317780868;Lontra longicaudis;PA;;
1317769805;Lontra longicaudis;ZZ;;
1317645094;Lontra longicaudis;PA;;
1317644059;Lontra longicaudis;PA;;
1306585157;Lontra longicaudis;CR;10.489433;-84.064134
1300304734;Lontra longicaudis;BR;;
1291999773;Lontra longicaudis;MX;;
1272090727;Lontra longicaudis;MX;20.870329;-105.424852
1270713649;Lontra longicaudis;CO;8.57522;-76.81268
1265597306;Lontra longicaudis;MX;17.612732;-92.279717
1262409597;Lontra longicaudis;MX;27.016667;-108.933333
1262408100;Lontra longicaudis;MX;29.166667;-109.116667
1262393567;Lontra longicaudis;MX;27.383333;-108.833333
1253289235;Lontra longicaudis;BO;;
1249277622;Lontra longicaudis;BZ;16.683202;-88.955634
1227770953;Lontra longicaudis;;;
1211972780;Lontra longicaudis;MX;18.410139;-95.065096
1211824385;Lontra longicaudis;BZ;17.766667;-88.366667
1211812745;Lontra longicaudis;PE;-5.75;-76.016667
1211810787;Lontra longicaudis;GY;5.36667;-58.9
1211796933;Lontra longicaudis;GY;3.3;-58.75
1147118213;Lontra longicaudis;CR;;
1145895479;Lontra longicaudis;SV;13.8;-89.45
1145895462;Lontra longicaudis;SV;13.6;-89.85
1145744235;Lontra longicaudis;EC;-0.5;-77.2833
1145725051;Lontra longicaudis;PE;-4.45898;-78.19505
1145725017;Lontra longicaudis;PE;-4.45898;-78.19505
1145724980;Lontra longicaudis;PE;-4.45898;-78.19505
1142103128;Lontra longicaudis;CO;0.83;-70.79
1088917278;Lontra longicaudis;MX;15.833095;-92.916891
1088896471;Lontra longicaudis;;;
1065597584;Lontra longicaudis;MX;20.703012;-105.205024
1065593214;Lontra longicaudis;MX;20.916043;-105.541904
1063875858;Lontra longicaudis;CO;3.12061;-76.588771
1044048714;Lontra longicaudis;GF;;
1044048226;Lontra longicaudis;GF;;
1044048204;Lontra longicaudis;GF;;
1044027676;Lontra longicaudis;ZZ;;
1044020509;Lontra longicaudis;GF;;
1044019164;Lontra longicaudis;GF;;
1044018242;Lontra longicaudis;GF;;
1043996339;Lontra longicaudis;MX;;
1043994008;Lontra longicaudis;GF;;
1043993998;Lontra longicaudis;BR;;
1043993992;Lontra longicaudis;GF;;
1043992394;Lontra longicaudis;;;
1039525437;Lontra longicaudis;GT;14.6;-92.1333
1039523020;Lontra longicaudis;EC;-1.0833;-77.9667
1038711691;Lontra longicaudis;BR;-19.545879;-57.039085
1038710214;Lontra longicaudis;PY;-24.148315;-58.306488
1024194007;Lontra longicaudis;CR;10.354069;-83.596416
922254456;Lontra longicaudis;CR;10.547559;-83.505875
922250831;Lontra longicaudis;BR;-9.597601;-55.931152
922249858;Lontra longicaudis;BR;-16.50462;-56.675194
922242874;Lontra longicaudis;BR;-9.597601;-55.931152
922241462;Lontra longicaudis;BR;-9.597601;-55.931152
919450154;Lontra longicaudis;EC;0.333;-79.467
919449915;Lontra longicaudis;EC;0.30768;-78.457
919435386;Lontra longicaudis;EC;0.14932;-79.457
919424866;Lontra longicaudis;EC;-0.27558;-78.60871
919422011;Lontra longicaudis;PA;9.31667;-80
919418083;Lontra longicaudis;EC;0.867;-79.85
919144152;Lontra longicaudis;CO;-0.604848;-72.402778
919141098;Lontra longicaudis;CO;7.498889;-73.772222
919141093;Lontra longicaudis;CO;7.4325;-73.768333
896307451;Lontra longicaudis;MX;25.932421;-106.998425
891774917;Lontra longicaudis;MX;20.89907;-105.486938
891773802;Lontra longicaudis;MX;20.814151;-105.5681
891734815;Lontra longicaudis;MX;17.836204;-94.480728
891715597;Lontra longicaudis;CR;10.548714;-83.436661
891142684;Lontra longicaudis;AR;-24.735886;-64.621415
891028599;Lontra longicaudis;MX;20.407144;-103.898708
859562859;Lontra longicaudis;BO;;
859562854;Lontra longicaudis;BR;;
859562848;Lontra longicaudis;EC;;
859562698;Lontra longicaudis;CO;;
859562693;Lontra longicaudis;NI;;
859556895;Lontra longicaudis;PE;;
859555157;Lontra longicaudis;TT;;
859546318;Lontra longicaudis;PE;;
859541653;Lontra longicaudis;BR;;
859541647;Lontra longicaudis;BR;;
859534863;Lontra longicaudis;CO;;
859534858;Lontra longicaudis;CO;;
859531890;Lontra longicaudis;;;
859520738;Lontra longicaudis;NI;;
859520733;Lontra longicaudis;NI;;
859520445;Lontra longicaudis;NI;;
859513716;Lontra longicaudis;NI;;
859508143;Lontra longicaudis;;;
859506259;Lontra longicaudis;;;
859505188;Lontra longicaudis;;;
859505184;Lontra longicaudis;;;
859505058;Lontra longicaudis;;;
859490869;Lontra longicaudis;PA;;
859488147;Lontra longicaudis;BR;;
859488142;Lontra longicaudis;BR;;
859487746;Lontra longicaudis;BO;-14.516667;-66.166667
859485288;Lontra longicaudis;CR;;
859478013;Lontra longicaudis;PA;;
859474400;Lontra longicaudis;BO;-16.366667;-62.416667
859472799;Lontra longicaudis;MX;;
859470492;Lontra longicaudis;CO;;
859468598;Lontra longicaudis;SR;;
859468045;Lontra longicaudis;PE;-11.166667;-74.166667
859464325;Lontra longicaudis;CO;;
859464237;Lontra longicaudis;CO;;
859449784;Lontra longicaudis;BR;;
859449712;Lontra longicaudis;BR;;
859447137;Lontra longicaudis;US;;
859443044;Lontra longicaudis;CO;;
859443036;Lontra longicaudis;CO;;
859443032;Lontra longicaudis;CO;;
859442898;Lontra longicaudis;CO;;
859436398;Lontra longicaudis;GY;;
859434221;Lontra longicaudis;GY;;
859433993;Lontra longicaudis;BR;;
859433988;Lontra longicaudis;BR;;
859433982;Lontra longicaudis;BR;;
859433977;Lontra longicaudis;BR;;
859431754;Lontra longicaudis;CO;;
859424781;Lontra longicaudis;BR;;
859420084;Lontra longicaudis;GY;;
859416127;Lontra longicaudis;TT;;
859409896;Lontra longicaudis;GY;;
859403501;Lontra longicaudis;PE;;
859401868;Lontra longicaudis;HN;;
859389113;Lontra longicaudis;PA;;
859371359;Lontra longicaudis;CO;;
859357979;Lontra longicaudis;MX;;
859356254;Lontra longicaudis;MX;;
859346840;Lontra longicaudis;US;;
859346418;Lontra longicaudis;UY;;
859346405;Lontra longicaudis;;;
859339717;Lontra longicaudis;EC;;
859326078;Lontra longicaudis;US;;
859322277;Lontra longicaudis;MX;;
859278715;Lontra longicaudis;;;
859277869;Lontra longicaudis;VE;;
859274928;Lontra longicaudis;PE;;
859274262;Lontra longicaudis;CO;;
859273750;Lontra longicaudis;CO;;
859273742;Lontra longicaudis;CO;;
730569396;Lontra longicaudis;AR;;
730569385;Lontra longicaudis;;;
730258562;Lontra longicaudis;CO;;
730258552;Lontra longicaudis;CO;7.5;-74.87
730258337;Lontra longicaudis;CO;6.91;-75.07
730258270;Lontra longicaudis;CO;;
730257560;Lontra longicaudis;CO;5.97;-75.98
730257464;Lontra longicaudis;CO;5.6;-75.82
730257285;Lontra longicaudis;CO;5.66;-75.88
730257254;Lontra longicaudis;CO;7.07;-75.15
730257207;Lontra longicaudis;CO;6.18;-74.58
730257051;Lontra longicaudis;CO;6.73;-75.29
730256856;Lontra longicaudis;CO;;
730256176;Lontra longicaudis;CO;;
730255971;Lontra longicaudis;CO;;
730255706;Lontra longicaudis;CO;;
730255534;Lontra longicaudis;CO;;
730254969;Lontra longicaudis;CO;5.8;-75.79
730254535;Lontra longicaudis;CO;;
730254518;Lontra longicaudis;CO;7.18;-75.77
730254301;Lontra longicaudis;CO;;
730253959;Lontra longicaudis;CO;5.66;-75.88
730253869;Lontra longicaudis;CO;6.6;-75.02
730253750;Lontra longicaudis;CO;;
730253121;Lontra longicaudis;CO;;
730253119;Lontra longicaudis;CO;;
730252148;Lontra longicaudis;CO;;
730252036;Lontra longicaudis;CO;;
730251759;Lontra longicaudis;CO;;
730251734;Lontra longicaudis;CO;;
730251693;Lontra longicaudis;CO;5.75;-75.61
727775262;Lontra longicaudis;CO;6.206722;-74.847778
727775223;Lontra longicaudis;CO;6.231083;-74.876583
727775102;Lontra longicaudis;CO;6.215611;-74.839361
727775038;Lontra longicaudis;CO;6.208583;-74.813417
727772920;Lontra longicaudis;CO;6.371333;-74.021667
724237310;Lontra longicaudis;CO;;
724237012;Lontra longicaudis;CO;;
724236959;Lontra longicaudis;CO;;
724233273;Lontra longicaudis;CO;6.205972;-74.853417
724232585;Lontra longicaudis;CO;6.217194;-74.862417
724232446;Lontra longicaudis;CO;6.215083;-74.833375
724232146;Lontra longicaudis;CO;6.215083;-74.833375
724231218;Lontra longicaudis;CO;6.410333;-75.120944
724225974;Lontra longicaudis;CO;;
699207463;Lontra longicaudis;AR;0;0
699207462;Lontra longicaudis;AR;;
699207461;Lontra longicaudis;AR;-25.17013;-58.13323
699207460;Lontra longicaudis;AR;-25.17013;-58.13323
699207459;Lontra longicaudis;AR;-25.12313;-58.17613
699207457;Lontra longicaudis;AR;-25.17161;-58.13212
699207456;Lontra longicaudis;AR;-25.1601;-58.15719
699207454;Lontra longicaudis;AR;0;0
699207453;Lontra longicaudis;AR;;
699207452;Lontra longicaudis;AR;0;0
699207451;Lontra longicaudis;AR;;
699207450;Lontra longicaudis;AR;0;0
699207448;Lontra longicaudis;AR;0;0
699207447;Lontra longicaudis;AR;0;0
699207444;Lontra longicaudis;AR;-25.16993;-58.13259
699207443;Lontra longicaudis;AR;0;0
699207442;Lontra longicaudis;AR;0;0
699207441;Lontra longicaudis;AR;0;0
699207440;Lontra longicaudis;AR;0;0
699207439;Lontra longicaudis;AR;0;0
699207438;Lontra longicaudis;AR;0;0
699207437;Lontra longicaudis;AR;-25.11022;-58.15217
699207435;Lontra longicaudis;AR;;
699207434;Lontra longicaudis;AR;;
699207429;Lontra longicaudis;AR;;
699207428;Lontra longicaudis;AR;;
699207427;Lontra longicaudis;AR;;
699207426;Lontra longicaudis;AR;;
699207425;Lontra longicaudis;AR;;
699207424;Lontra longicaudis;AR;;
699207423;Lontra longicaudis;AR;-28.03626;-58.10927
699207422;Lontra longicaudis;AR;;
699207421;Lontra longicaudis;AR;-28.01637;-58.03075
699207420;Lontra longicaudis;AR;-28.0366;-58.10925
699207419;Lontra longicaudis;AR;;
699207413;Lontra longicaudis;AR;;
699207408;Lontra longicaudis;AR;;
699207407;Lontra longicaudis;AR;;
699207406;Lontra longicaudis;AR;;
699207398;Lontra longicaudis;AR;;
699207397;Lontra longicaudis;AR;;
699207395;Lontra longicaudis;AR;0;0
699207394;Lontra longicaudis;AR;;
699207393;Lontra longicaudis;AR;;
699198284;Lontra longicaudis;AR;-37.15553;-60.026256
686440634;Lontra longicaudis;MX;18.9622558;-103.4559631
686439258;Lontra longicaudis;NI;;
686434738;Lontra longicaudis;MX;19.38511848;-104.9664517
686433363;Lontra longicaudis;NI;;
686429538;Lontra longicaudis;MX;20.45861211;-104.7587863
686419995;Lontra longicaudis;MX;26.93496634;-108.353316
686418941;Lontra longicaudis;MX;26.41639019;-108.6175782
686416708;Lontra longicaudis;MX;;
686416707;Lontra longicaudis;MX;;
686414456;Lontra longicaudis;MX;27.21275281;-107.9142363
686412656;Lontra longicaudis;GT;;
686401085;Lontra longicaudis;NI;13.27769;-86.4
686397223;Lontra longicaudis;MX;;
686395390;Lontra longicaudis;MX;15.74248187;-92.28493051
686395389;Lontra longicaudis;MX;17.76015939;-92.59772135
686395388;Lontra longicaudis;MX;17.76015939;-92.59772135
686395387;Lontra longicaudis;MX;16.66743277;-93.6499653
686395285;Lontra longicaudis;MX;20.77734853;-104.1964275
686361645;Lontra longicaudis;MX;17.50183302;-94.83805182
686356365;Lontra longicaudis;BR;;
686354007;Lontra longicaudis;MX;17.18768148;-94.75304889
686354006;Lontra longicaudis;MX;17.20684749;-94.77471546
686348778;Lontra longicaudis;MX;;
684423877;Lontra longicaudis;AR;-25.837081;-54.249716
683934099;Lontra longicaudis;PE;;
683934043;Lontra longicaudis;NI;;
683933875;Lontra longicaudis;NI;;
683932891;Lontra longicaudis;EC;;
683932890;Lontra longicaudis;EC;;
683932889;Lontra longicaudis;EC;;
683927555;Lontra longicaudis;PE;;
683926992;Lontra longicaudis;NI;;
683923823;Lontra longicaudis;EC;;
683923822;Lontra longicaudis;EC;;
683923821;Lontra longicaudis;EC;;
675771749;Lontra longicaudis;MX;;
675761936;Lontra longicaudis;MX;17.270625;-99.378767
675761932;Lontra longicaudis;MX;17.270625;-99.378767
675761928;Lontra longicaudis;MX;17.270625;-99.378767
665921388;Lontra longicaudis;EC;-0.533333;-77.5
665894808;Lontra longicaudis;CO;4.613823;-74.096588
665893570;Lontra longicaudis;EC;-0.033333;-78.800003
665890640;Lontra longicaudis;CO;2.533333;-76.95
665889557;Lontra longicaudis;PE;-12.2;-71.133331
665862752;Lontra longicaudis;CO;2.416667;-76.816667
665860005;Lontra longicaudis;PE;-13.4;-70.76667
665860004;Lontra longicaudis;PE;-13.4;-70.76667
665848006;Lontra longicaudis;EC;0.333333;-79.466667
665840542;Lontra longicaudis;PE;-14.04167;-68.966667
665831966;Lontra longicaudis;CO;8.097215;-77.213341
665830734;Lontra longicaudis;PE;-13.25;-70.583336
665830733;Lontra longicaudis;PE;-13.216666;-70.400001
665826795;Lontra longicaudis;MX;;
665819298;Lontra longicaudis;EC;-4.233333;-79.25
665813530;Lontra longicaudis;BR;;
665804193;Lontra longicaudis;CR;8.8695;-83.342331
665799623;Lontra longicaudis;BR;-16.75;-57.700001
665797497;Lontra longicaudis;BR;-16.75;-57.700001
665794404;Lontra longicaudis;BO;-17.450001;-63.666668
665790692;Lontra longicaudis;AR;-33.716667;-59.25
665787914;Lontra longicaudis;PA;8.78333;-82.433327
665785577;Lontra longicaudis;GY;6.8;-58.166668
665738106;Lontra longicaudis;CO;4.69583;-73.051666
665719438;Lontra longicaudis;EC;0.116667;-78.833336
621081211;Lontra longicaudis;AR;-25.937071;-54.256221
621081185;Lontra longicaudis;AR;-26.822228;-54.853078
621081176;Lontra longicaudis;AR;;
621081175;Lontra longicaudis;AR;;
621081174;Lontra longicaudis;AR;;
621081173;Lontra longicaudis;AR;;
621081172;Lontra longicaudis;AR;;
621081171;Lontra longicaudis;AR;;
621081170;Lontra longicaudis;AR;;
621081144;Lontra longicaudis;AR;;
621081138;Lontra longicaudis;AR;;
583469140;Lontra longicaudis;HN;15.75;-84.4833
476863049;Lontra longicaudis;PY;;
476856385;Lontra longicaudis;HN;;
476856292;Lontra longicaudis;BR;-12.185044;-52.763542
476855064;Lontra longicaudis;EC;-1.453098;-78.10894
476852172;Lontra longicaudis;PY;;
476844078;Lontra longicaudis;CL;-36.724943;-73.116841
476834920;Lontra longicaudis;PA;8.416667;-82.566667
476834919;Lontra longicaudis;CO;10.8284;-73.6925
476834918;Lontra longicaudis;CR;10;-84
476834467;Lontra longicaudis;BR;-12.499641;-54.033203
476834466;Lontra longicaudis;PY;;
476834465;Lontra longicaudis;BR;-12.499641;-54.033203
476834464;Lontra longicaudis;PA;8.868985;-80.060677
476828413;Lontra longicaudis;EC;;
476808415;Lontra longicaudis;PY;-23;-58
476808414;Lontra longicaudis;MX;19.551625;-96.891273
416552817;Lontra longicaudis;CR;;
416552577;Lontra longicaudis;CR;;
416552576;Lontra longicaudis;CR;;
416552575;Lontra longicaudis;CR;;
416552574;Lontra longicaudis;CR;;
416552573;Lontra longicaudis;CR;;
416448175;Lontra longicaudis;ZA;;
416446469;Lontra longicaudis;AR;;
416446079;Lontra longicaudis;AR;;
416446078;Lontra longicaudis;AR;;
416446077;Lontra longicaudis;AR;;
416446076;Lontra longicaudis;AR;;
416443907;Lontra longicaudis;AR;;
382069548;Lontra longicaudis;AR;;
382069544;Lontra longicaudis;AR;;
382069467;Lontra longicaudis;AR;;
382063326;Lontra longicaudis;AR;-25.59501;-54.14871
382063320;Lontra longicaudis;AR;-26.00348;-54.06056
382063318;Lontra longicaudis;AR;-26.13564;-53.92569
382063316;Lontra longicaudis;AR;;
382063314;Lontra longicaudis;AR;-26.14755;-53.91526
382063312;Lontra longicaudis;AR;-26.15863;-53.91081
382063308;Lontra longicaudis;AR;;
382063306;Lontra longicaudis;AR;-26.17604;-53.88748
382063303;Lontra longicaudis;AR;-25.95907;-54.23025
382063298;Lontra longicaudis;AR;-25.96717;-54.18754
382063289;Lontra longicaudis;AR;-26.17853;-53.87229
382063282;Lontra longicaudis;AR;-25.97082;-54.12857
382063280;Lontra longicaudis;AR;-25.98031;-54.12183
382063276;Lontra longicaudis;AR;-25.97949;-54.0854
382063275;Lontra longicaudis;AR;-26.19524;-53.85036
382063273;Lontra longicaudis;AR;-25.96221;-54.08958
382063270;Lontra longicaudis;AR;-26.00767;-54.02622
382063269;Lontra longicaudis;AR;0;0
382063268;Lontra longicaudis;AR;-26.043;-53.99431
382063266;Lontra longicaudis;AR;-26.08759;-53.95097
382063263;Lontra longicaudis;AR;-26.11796;-53.9374
382063259;Lontra longicaudis;AR;-27.31342;-55.58458
382063253;Lontra longicaudis;AR;-27.28313;-55.51691
382063246;Lontra longicaudis;AR;-27.37535;-55.67421
382063244;Lontra longicaudis;AR;-27.37339;-55.61139
382063236;Lontra longicaudis;AR;;
382063235;Lontra longicaudis;AR;-25.17013;-58.13323
382063234;Lontra longicaudis;AR;-25.17013;-58.13323
382063233;Lontra longicaudis;AR;-25.12313;-58.17613
382063227;Lontra longicaudis;AR;-25.17161;-58.13212
382063226;Lontra longicaudis;AR;-25.1601;-58.15719
382063125;Lontra longicaudis;AR;;
382063124;Lontra longicaudis;AR;-28.01326;-58.02112
382063123;Lontra longicaudis;AR;-28.03671;-58.10921
382063112;Lontra longicaudis;AR;-28.04651;-58.03918
382063111;Lontra longicaudis;AR;-28.03671;-58.10921
382063110;Lontra longicaudis;AR;-28.03671;-58.10921
382063109;Lontra longicaudis;AR;-28.00371;-58.03104
382063100;Lontra longicaudis;AR;-28.03674;-58.10921
382063099;Lontra longicaudis;AR;-28.09171;-58.07232
382063098;Lontra longicaudis;AR;-28.10019;-58.0851
382063097;Lontra longicaudis;AR;-28.03075;-58.11264
382063096;Lontra longicaudis;AR;-28.03671;-58.10921
382063088;Lontra longicaudis;AR;-28.03671;-58.10921
382063087;Lontra longicaudis;AR;-28.03671;-58.10921
382063085;Lontra longicaudis;AR;-28.04651;-58.03918
382063084;Lontra longicaudis;AR;-28.03674;-58.10922
382063082;Lontra longicaudis;AR;-28.03671;-58.10921
382063076;Lontra longicaudis;AR;-28.03508;-58.0367
382063064;Lontra longicaudis;AR;-28.03921;-58.07583
382063063;Lontra longicaudis;AR;-28.03048;-58.08809
382063062;Lontra longicaudis;AR;-28.03671;-58.10921
382063061;Lontra longicaudis;AR;-28.03671;-58.10921
382063060;Lontra longicaudis;AR;-28.02811;-58.1157
382063059;Lontra longicaudis;AR;-28.02811;-58.1157
382063057;Lontra longicaudis;AR;-25.68742;-54.27025
382063056;Lontra longicaudis;AR;-25.68772;-54.26865
382063055;Lontra longicaudis;AR;-25.68805;-54.27187
382063054;Lontra longicaudis;AR;-25.68858;-54.26107
382063053;Lontra longicaudis;AR;-25.70624;-54.36052
382063052;Lontra longicaudis;AR;-25.67035;-54.17151
382063051;Lontra longicaudis;AR;-25.67608;-54.17067
382063050;Lontra longicaudis;AR;-25.68471;-54.17547
382063049;Lontra longicaudis;AR;-25.68905;-54.17919
382063048;Lontra longicaudis;AR;-25.67938;-54.32919
382063047;Lontra longicaudis;AR;-25.69833;-54.34811
382063046;Lontra longicaudis;AR;-25.68976;-54.36196
382063045;Lontra longicaudis;AR;-25.6638;-54.39032
382063044;Lontra longicaudis;AR;-25.62799;-54.38077
382063043;Lontra longicaudis;AR;-25.63594;-54.38706
382063042;Lontra longicaudis;AR;-25.7353;-54.42862
382063008;Lontra longicaudis;AR;-25.67404;-54.41015
382063006;Lontra longicaudis;AR;-25.65816;-54.38673
382063005;Lontra longicaudis;AR;-25.68028;-54.35853
382063004;Lontra longicaudis;AR;-25.67322;-54.42308
382063003;Lontra longicaudis;AR;-25.64998;-54.4041
382063002;Lontra longicaudis;AR;-25.60148;-54.35962
382063000;Lontra longicaudis;AR;-25.56918;-54.31961
382062999;Lontra longicaudis;AR;-25.61876;-54.17055
382062998;Lontra longicaudis;AR;-25.63664;-54.16328
382062996;Lontra longicaudis;AR;-25.60275;-54.3578
382062994;Lontra longicaudis;AR;-25.69203;-54.16548
382062993;Lontra longicaudis;AR;-25.69841;-54.16597
382062992;Lontra longicaudis;AR;-25.70531;-54.17039
382062991;Lontra longicaudis;AR;-25.70739;-54.17074
382062990;Lontra longicaudis;AR;-25.70762;-54.17166
382062989;Lontra longicaudis;AR;-25.70748;-54.17093
382062988;Lontra longicaudis;AR;-25.69973;-54.16888
382062986;Lontra longicaudis;AR;-25.68107;-54.16783
382062985;Lontra longicaudis;AR;;
382062978;Lontra longicaudis;AR;-25.63592;-54.47191
382062943;Lontra longicaudis;AR;;
382062939;Lontra longicaudis;AR;;
382062936;Lontra longicaudis;AR;-25.58637;-54.1748
382062922;Lontra longicaudis;AR;-25.72256;-54.19415
382062908;Lontra longicaudis;AR;;
382062905;Lontra longicaudis;AR;-25.68384;-54.44574
382062895;Lontra longicaudis;AR;-25.69843;-54.44129
382062879;Lontra longicaudis;AR;;
382062841;Lontra longicaudis;AR;-31.10151;-60.09452
382062836;Lontra longicaudis;AR;-31.21896;-60.20931
382062830;Lontra longicaudis;AR;-31.19561;-60.15618
382062721;Lontra longicaudis;AR;-31.68899;-60.63387
382062697;Lontra longicaudis;AR;-31.51279;-60.46892
382062654;Lontra longicaudis;AR;-31.51279;-60.46892
382062652;Lontra longicaudis;AR;-31.21884;-60.20932
382062651;Lontra longicaudis;AR;-31.641;-60.6727
373202280;Lontra longicaudis;PY;;
373202169;Lontra longicaudis;AR;;
347736428;Lontra longicaudis;;;
347736425;Lontra longicaudis;;;
347736424;Lontra longicaudis;;;
347736421;Lontra longicaudis;;;
347736419;Lontra longicaudis;;;
347736417;Lontra longicaudis;;;
347736416;Lontra longicaudis;;;
347736414;Lontra longicaudis;;;
347736412;Lontra longicaudis;;;
347736411;Lontra longicaudis;;;
347736409;Lontra longicaudis;;;
347736406;Lontra longicaudis;;;
347736404;Lontra longicaudis;;;
347736402;Lontra longicaudis;;;
347736400;Lontra longicaudis;;;
347736398;Lontra longicaudis;;;
347736396;Lontra longicaudis;;;
347736394;Lontra longicaudis;;;
321457622;Lontra longicaudis;BR;-12.778863;-55.931433
233874436;Lontra longicaudis;AR;-25.59501;-54.14871
233874435;Lontra longicaudis;AR;-26.00348;-54.06056
233874434;Lontra longicaudis;AR;-26.13564;-53.92569
233874433;Lontra longicaudis;AR;;
233874432;Lontra longicaudis;AR;-26.14755;-53.91526
233874431;Lontra longicaudis;AR;-26.15863;-53.91081
233874430;Lontra longicaudis;AR;;
233874429;Lontra longicaudis;AR;-26.17604;-53.88748
233874428;Lontra longicaudis;AR;-25.95907;-54.23025
233874427;Lontra longicaudis;AR;-25.96717;-54.18754
233874426;Lontra longicaudis;AR;-26.17853;-53.87229
233874425;Lontra longicaudis;AR;-25.97082;-54.12857
233874424;Lontra longicaudis;AR;-25.98031;-54.12183
233874423;Lontra longicaudis;AR;-25.97949;-54.0854
233874422;Lontra longicaudis;AR;-26.19524;-53.85036
233874421;Lontra longicaudis;AR;-25.96221;-54.08958
233874420;Lontra longicaudis;AR;-26.00767;-54.02622
233874419;Lontra longicaudis;AR;0;0
233874418;Lontra longicaudis;AR;-26.043;-53.99431
233874417;Lontra longicaudis;AR;-26.08759;-53.95097
233874416;Lontra longicaudis;AR;-26.11796;-53.9374
233874415;Lontra longicaudis;AR;-27.31342;-55.58458
233874414;Lontra longicaudis;AR;-27.28313;-55.51691
233874413;Lontra longicaudis;AR;-27.37535;-55.67421
233874412;Lontra longicaudis;AR;-27.37339;-55.61139
233874411;Lontra longicaudis;AR;0;0
233874409;Lontra longicaudis;AR;0;0
233874408;Lontra longicaudis;AR;0;0
233874407;Lontra longicaudis;AR;0;0
233874406;Lontra longicaudis;AR;0;0
233874405;Lontra longicaudis;AR;0;0
233874404;Lontra longicaudis;AR;0;0
233874403;Lontra longicaudis;AR;0;0
233874402;Lontra longicaudis;AR;0;0
233874401;Lontra longicaudis;AR;0;0
233874400;Lontra longicaudis;AR;0;0
233874399;Lontra longicaudis;AR;0;0
233874398;Lontra longicaudis;AR;0;0
233874397;Lontra longicaudis;AR;0;0
233874396;Lontra longicaudis;AR;0;0
233874395;Lontra longicaudis;AR;0;0
233874394;Lontra longicaudis;AR;0;0
233874393;Lontra longicaudis;AR;0;0
233874392;Lontra longicaudis;AR;0;0
233874391;Lontra longicaudis;AR;0;0
233874390;Lontra longicaudis;AR;0;0
233874389;Lontra longicaudis;AR;0;0
233874388;Lontra longicaudis;AR;0;0
233874387;Lontra longicaudis;AR;0;0
233874386;Lontra longicaudis;AR;0;0
233874385;Lontra longicaudis;AR;0;0
233874384;Lontra longicaudis;AR;0;0
233874383;Lontra longicaudis;AR;0;0
233874382;Lontra longicaudis;AR;0;0
233874381;Lontra longicaudis;AR;0;0
233874380;Lontra longicaudis;AR;0;0
233874379;Lontra longicaudis;AR;0;0
233874378;Lontra longicaudis;AR;0;0
233874377;Lontra longicaudis;AR;0;0
233874375;Lontra longicaudis;AR;0;0
233874374;Lontra longicaudis;AR;0;0
233874373;Lontra longicaudis;AR;0;0
233874372;Lontra longicaudis;AR;0;0
233874371;Lontra longicaudis;AR;0;0
233874370;Lontra longicaudis;AR;-32.1274;-60.6316
233874369;Lontra longicaudis;AR;-32.1274;-60.6316
233874368;Lontra longicaudis;AR;-32.1274;-60.6316
233874367;Lontra longicaudis;AR;-32.17055;-60.64538
233874366;Lontra longicaudis;AR;-32.14429;-60.6852
233874365;Lontra longicaudis;AR;-32.1469;-60.6953
233874364;Lontra longicaudis;AR;-32.1026;-60.6463
233874363;Lontra longicaudis;AR;-32.17;-60.61
233874362;Lontra longicaudis;AR;0;0
233874361;Lontra longicaudis;AR;0;0
233874360;Lontra longicaudis;AR;0;0
233874359;Lontra longicaudis;AR;0;0
233874358;Lontra longicaudis;AR;0;0
233874357;Lontra longicaudis;AR;;
233874356;Lontra longicaudis;AR;-28.01326;-58.02112
233874355;Lontra longicaudis;AR;-28.03671;-58.10921
233874354;Lontra longicaudis;AR;-28.04651;-58.03918
233874353;Lontra longicaudis;AR;;
233874352;Lontra longicaudis;AR;-28.03671;-58.10921
233874351;Lontra longicaudis;AR;-28.00371;-58.03104
233874350;Lontra longicaudis;AR;-28.03674;-58.10921
233874349;Lontra longicaudis;AR;-28.07704;-58.09633
233874348;Lontra longicaudis;AR;-28.10019;-58.0851
233874347;Lontra longicaudis;AR;-28.03075;-58.11264
233874346;Lontra longicaudis;AR;-28.03671;-58.10921
233874345;Lontra longicaudis;AR;-28.03671;-58.10921
233874344;Lontra longicaudis;AR;-28.03671;-58.10921
233874343;Lontra longicaudis;AR;-28.04651;-58.03918
233874342;Lontra longicaudis;AR;-28.03674;-58.10922
233874341;Lontra longicaudis;AR;-28.03671;-58.10921
233874340;Lontra longicaudis;AR;-28.03508;-58.0367
233874339;Lontra longicaudis;AR;-28.03921;-58.07583
233874338;Lontra longicaudis;AR;-28.03048;-58.08809
233874337;Lontra longicaudis;AR;-28.03671;-58.10921
233874336;Lontra longicaudis;AR;-28.03671;-58.10921
233874335;Lontra longicaudis;AR;-28.02811;-58.1157
233874334;Lontra longicaudis;AR;-28.02811;-58.1157
233874331;Lontra longicaudis;AR;-25.68742;-54.27025
233874330;Lontra longicaudis;AR;-25.68772;-54.26865
233874329;Lontra longicaudis;AR;-25.68805;-54.27187
233874328;Lontra longicaudis;AR;-25.68858;-54.26107
233874327;Lontra longicaudis;AR;-25.70624;-54.36052
233874326;Lontra longicaudis;AR;-25.67035;-54.17151
233874325;Lontra longicaudis;AR;-25.67608;-54.17067
233874324;Lontra longicaudis;AR;-25.68471;-54.17547
233874323;Lontra longicaudis;AR;-25.68905;-54.17919
233874322;Lontra longicaudis;AR;-25.67938;-54.32919
233874321;Lontra longicaudis;AR;-25.69833;-54.34811
233874320;Lontra longicaudis;AR;-25.68976;-54.36196
233874319;Lontra longicaudis;AR;-25.6638;-54.39032
233874318;Lontra longicaudis;AR;-25.62799;-54.38077
233874317;Lontra longicaudis;AR;-25.63594;-54.38706
233874316;Lontra longicaudis;AR;;
233874297;Lontra longicaudis;AR;-25.67404;-54.41015
233874296;Lontra longicaudis;AR;-25.65816;-54.38673
233874295;Lontra longicaudis;AR;-25.68028;-54.35853
233874294;Lontra longicaudis;AR;-25.67322;-54.42308
233874293;Lontra longicaudis;AR;-25.64998;-54.4041
233874292;Lontra longicaudis;AR;-25.60148;-54.35962
233874291;Lontra longicaudis;AR;-25.56918;-54.31961
233874290;Lontra longicaudis;AR;-25.61876;-54.17055
233874289;Lontra longicaudis;AR;-25.63664;-54.16328
233874288;Lontra longicaudis;AR;-25.60275;-54.3578
233874287;Lontra longicaudis;AR;-25.69203;-54.16548
233874286;Lontra longicaudis;AR;-25.69841;-54.16597
233874285;Lontra longicaudis;AR;-25.70531;-54.17039
233874284;Lontra longicaudis;AR;-25.70739;-54.17074
233874283;Lontra longicaudis;AR;-25.70762;-54.17166
233874282;Lontra longicaudis;AR;-25.70748;-54.17093
233874281;Lontra longicaudis;AR;-25.69973;-54.16888
233874280;Lontra longicaudis;AR;-25.68107;-54.16783
233874279;Lontra longicaudis;AR;;
233874277;Lontra longicaudis;AR;;
233874276;Lontra longicaudis;AR;;
233874274;Lontra longicaudis;AR;-25.58637;-54.1748
233874272;Lontra longicaudis;AR;-25.72256;-54.19415
233874268;Lontra longicaudis;AR;;
233874267;Lontra longicaudis;AR;-25.68384;-54.44574
233874266;Lontra longicaudis;AR;-25.69843;-54.44129
233874263;Lontra longicaudis;AR;;
233874245;Lontra longicaudis;AR;-26.87542;-59.62641
233874244;Lontra longicaudis;AR;-26.87418;-59.627
233874243;Lontra longicaudis;AR;-26.86338;-59.62663
233874242;Lontra longicaudis;AR;-26.78473;-59.61737
233874241;Lontra longicaudis;AR;-26.8681;-59.6263
233874240;Lontra longicaudis;AR;0;0
233874238;Lontra longicaudis;AR;0;0
233874237;Lontra longicaudis;AR;0;0
233874236;Lontra longicaudis;AR;0;0
233874235;Lontra longicaudis;AR;0;0
233874227;Lontra longicaudis;AR;-22.46675;-64.66681
233874226;Lontra longicaudis;AR;0;0
233835287;Lontra longicaudis;AR;;
233835281;Lontra longicaudis;AR;;
233835280;Lontra longicaudis;AR;;
233835278;Lontra longicaudis;AR;;
233835270;Lontra longicaudis;AR;;
233835269;Lontra longicaudis;AR;;
233835268;Lontra longicaudis;AR;;
233835267;Lontra longicaudis;AR;;
233835266;Lontra longicaudis;AR;;
233835265;Lontra longicaudis;AR;;
233835264;Lontra longicaudis;AR;;
233835263;Lontra longicaudis;AR;;
233835262;Lontra longicaudis;AR;;
233835261;Lontra longicaudis;AR;;
233835260;Lontra longicaudis;AR;;
233835259;Lontra longicaudis;AR;;
233835258;Lontra longicaudis;AR;;
233835257;Lontra longicaudis;AR;;
233835256;Lontra longicaudis;AR;;
233835255;Lontra longicaudis;AR;;
233835254;Lontra longicaudis;AR;;
233835253;Lontra longicaudis;AR;;
233835252;Lontra longicaudis;AR;;
233835251;Lontra longicaudis;AR;;
233835250;Lontra longicaudis;AR;;
233835249;Lontra longicaudis;AR;;
233835248;Lontra longicaudis;AR;;
233835247;Lontra longicaudis;AR;;
233835246;Lontra longicaudis;AR;;
233835245;Lontra longicaudis;AR;;
233835241;Lontra longicaudis;AR;;
233835240;Lontra longicaudis;AR;;
233835239;Lontra longicaudis;AR;;
233835233;Lontra longicaudis;AR;;
233835232;Lontra longicaudis;AR;;
233835231;Lontra longicaudis;AR;;
233835230;Lontra longicaudis;AR;;
233835227;Lontra longicaudis;AR;;
233835226;Lontra longicaudis;AR;;
233835225;Lontra longicaudis;AR;;
233835223;Lontra longicaudis;AR;;
233835222;Lontra longicaudis;AR;;
233835221;Lontra longicaudis;AR;;
233835220;Lontra longicaudis;AR;;
233835201;Lontra longicaudis;AR;;
233835199;Lontra longicaudis;AR;;
233835191;Lontra longicaudis;AR;;
233835190;Lontra longicaudis;AR;;
233835189;Lontra longicaudis;AR;;
233835188;Lontra longicaudis;AR;;
233835186;Lontra longicaudis;AR;;
233835185;Lontra longicaudis;AR;;
233835184;Lontra longicaudis;AR;;
233835183;Lontra longicaudis;AR;;
233835182;Lontra longicaudis;AR;;
233835181;Lontra longicaudis;AR;;
233835180;Lontra longicaudis;AR;;
233835179;Lontra longicaudis;AR;;
233835178;Lontra longicaudis;AR;;
233835177;Lontra longicaudis;AR;;
233835176;Lontra longicaudis;AR;;
233835175;Lontra longicaudis;AR;;
233835174;Lontra longicaudis;AR;;
233835173;Lontra longicaudis;AR;;
233835172;Lontra longicaudis;AR;;
233835171;Lontra longicaudis;AR;;
233835170;Lontra longicaudis;AR;;
233835169;Lontra longicaudis;AR;;
233835168;Lontra longicaudis;AR;;
233835164;Lontra longicaudis;AR;;
233835163;Lontra longicaudis;AR;;
233835162;Lontra longicaudis;AR;;
233835145;Lontra longicaudis;AR;;
233835142;Lontra longicaudis;AR;;
233835141;Lontra longicaudis;AR;;
233835140;Lontra longicaudis;AR;;
233835135;Lontra longicaudis;AR;;
233835134;Lontra longicaudis;AR;;
233835132;Lontra longicaudis;AR;;
233835131;Lontra longicaudis;AR;;
233835128;Lontra longicaudis;AR;;
233835127;Lontra longicaudis;AR;;
233835126;Lontra longicaudis;AR;;
233835125;Lontra longicaudis;AR;;
233835124;Lontra longicaudis;AR;;
233835122;Lontra longicaudis;AR;;
233835121;Lontra longicaudis;AR;;
233835120;Lontra longicaudis;AR;;
233835116;Lontra longicaudis;AR;;
233835115;Lontra longicaudis;AR;;
233835114;Lontra longicaudis;AR;;
233835097;Lontra longicaudis;AR;;
223240177;Lontra longicaudis;;;
223240168;Lontra longicaudis;PY;;
223240156;Lontra longicaudis;AR;;
223240054;Lontra longicaudis;AR;;
223239481;Lontra longicaudis;AR;-37.15553;-60.026256
223239403;Lontra longicaudis;AR;-37.15553;-60.026256
219038623;Lontra longicaudis;MX;19.62;-105.18
219038543;Lontra longicaudis;MX;;
219038541;Lontra longicaudis;MX;18.58;-95.07
219038540;Lontra longicaudis;MX;18.58;-95.07
219038469;Lontra longicaudis;MX;18.58;-95.07
219038338;Lontra longicaudis;MX;18.62;-95.51
214464091;Lontra longicaudis;BO;;
214464090;Lontra longicaudis;BO;;
214463397;Lontra longicaudis;BO;;
214463396;Lontra longicaudis;BO;;
214463395;Lontra longicaudis;BO;;
214463344;Lontra longicaudis;VE;;
207876318;Lontra longicaudis;;;
207876317;Lontra longicaudis;;;
207876316;Lontra longicaudis;;;
207876315;Lontra longicaudis;;;
207876308;Lontra longicaudis;;;
197140716;Lontra longicaudis;BO;-18.75;-62.217
197140662;Lontra longicaudis;PE;-12.517;-68.7
197140649;Lontra longicaudis;GY;3.268;-58.811
197140630;Lontra longicaudis;EC;-1.333;-79.583
197140566;Lontra longicaudis;PE;-13;-69.083
197140553;Lontra longicaudis;EC;-4.283;-78.633
197140534;Lontra longicaudis;GY;3.25;-59.25
197140441;Lontra longicaudis;BO;-20.712;-64.305
197140414;Lontra longicaudis;PE;-13.503;-69.683
197139315;Lontra longicaudis;PE;-13.142;-69.607
177134723;Lontra longicaudis;SV;14.283333;-89.116667
177134722;Lontra longicaudis;SV;14.283333;-89.116667
90097355;Lontra longicaudis;;;
90097339;Lontra longicaudis;;;
90097331;Lontra longicaudis;;;
90096875;Lontra longicaudis;;;
90096874;Lontra longicaudis;;;
46247083;Lontra longicaudis;MX;;
46246197;Lontra longicaudis;MX;16.536389;-91.160278
46245763;Lontra longicaudis;MX;;
46245733;Lontra longicaudis;MX;16.964722;-99.096944
46245732;Lontra longicaudis;MX;17.208889;-100.434167
46245731;Lontra longicaudis;MX;17.007222;-100.0875
46245729;Lontra longicaudis;MX;16.625;-97.847222
46245728;Lontra longicaudis;MX;15.9225;-96.174444
46245491;Lontra longicaudis;MX;19.39779;-104.98112
46244292;Lontra longicaudis;MX;17.19;-93.105
46244279;Lontra longicaudis;MX;17.829167;-93.391667
46244276;Lontra longicaudis;MX;16.983889;-99.075278
45871334;Lontra longicaudis;BO;-11.183;-68.967
45870964;Lontra longicaudis;PE;-10.133;-71.217
45870871;Lontra longicaudis;PE;;
45870804;Lontra longicaudis;PE;-10.133;-71.217
45870614;Lontra longicaudis;MX;17.80771573;-91.5359182
45870613;Lontra longicaudis;MX;17.80771573;-91.5359182
45870612;Lontra longicaudis;MX;17.80771573;-91.5359182
45870581;Lontra longicaudis;BZ;17.55;-89.094
45870549;Lontra longicaudis;MX;17.34172992;-94.78199403
44837456;Lontra longicaudis;MX;;
